captured_at,experiment_id,interval,elapsed_seconds,voltage_V,current_mA,power_mW,temperature_C,interval_charge_mAh,interval_energy_mWh,average_current_mA,average_power_mW,running_charge_mAh,running_energy_mWh
2026-09-09T13:29:10.223403-07:00,2,126,60.0,13.090039,171.944,2251.0464,30.6797,3.038961111,39.783651556,182.337667,2387.019093,474.917871111,6200.348785778
2026-09-09T13:30:10.227654-07:00,2,127,60.0,13.084766,162.24,2122.8672,30.7031,2.700547778,35.337671111,162.032867,2120.260267,477.618418889,6235.686456889
2026-09-09T13:31:10.231822-07:00,2,128,60.0,13.078906,142.164,1859.3536,30.7422,2.503922222,32.751160889,150.235333,1965.069653,480.122341111,6268.437617778
2026-09-09T13:32:10.235937-07:00,2,129,60.0,13.081641,163.192,2134.8352,30.8125,2.643598889,34.57536,158.615933,2074.5216,482.76594,6303.012977778
2026-09-09T13:33:10.240034-07:00,2,130,60.0,13.079883,162.048,2119.872,30.7266,2.598018889,33.977116444,155.881133,2038.626987,485.363958889,6336.990094222
2026-09-09T13:34:10.244194-07:00,2,131,60.0,13.07793,155.588,2034.7904,30.7813,2.546664444,33.301560889,152.799867,1998.093653,487.910623333,6370.291655111
2026-09-09T13:35:10.250370-07:00,2,132,60.0,13.077344,162.62,2126.656,30.7266,2.493715556,32.602055111,149.622933,1956.123307,490.404338889,6402.893710222
2026-09-09T13:36:10.255812-07:00,2,133,60.0,13.07207,130.504,1705.9328,30.6563,2.481021111,32.439523556,148.861267,1946.371413,492.88536,6435.333233778
2026-09-09T13:37:10.256608-07:00,2,134,60.0,13.073828,153.224,2003.2384,30.4766,2.382288889,31.138247111,142.937333,1868.294827,495.267648889,6466.471480889
2026-09-09T13:38:10.261578-07:00,2,135,60.0,13.074805,153.188,2002.8928,30.4141,2.550795556,33.345479111,153.047733,2000.728747,497.818444444,6499.81696
2026-09-09T13:39:10.264930-07:00,2,136,60.0,13.072656,150.26,1964.2624,30.4219,2.456832222,32.115712,147.409933,1926.94272,500.275276667,6531.932672
2026-09-09T13:40:10.269105-07:00,2,137,60.0,13.073438,152.672,1995.968,30.4297,2.48777,32.518257778,149.2662,1951.095467,502.763046667,6564.450929778
2026-09-09T13:41:10.273199-07:00,2,138,60.0,13.074609,157.372,2057.5744,30.3984,2.570522222,33.603868444,154.231333,2016.232107,505.333568889,6598.054798222
2026-09-09T13:42:10.277391-07:00,2,139,60.0,13.080859,173.344,2267.4944,30.3516,2.844507778,37.199928889,170.670467,2231.995733,508.178076667,6635.254727111
2026-09-09T13:43:10.281581-07:00,2,140,60.0,13.08125,166.836,2182.3872,30.3203,2.862652222,37.444039111,171.759133,2246.642347,511.040728889,6672.698766222
2026-09-09T13:44:10.285545-07:00,2,141,60.0,13.081836,170.908,2235.776,30.3047,2.800844444,36.635648,168.050667,2198.13888,513.841573333,6709.334414222
2026-09-09T14:16:36.154761-07:00,2,143,60.003,13.017969,72.172,939.5072,30.7031,1.230673333,16.017464889,73.836708,960.999843,517.716353333,6759.934179556
2026-09-09T14:17:36.077908-07:00,2,144,60.0,13.014453,59.364,772.5696,30.7422,1.091685556,14.206748444,65.501133,852.404907,518.808038889,6774.140928
2026-09-09T14:18:36.081718-07:00,2,145,60.0,13.011914,59.616,775.7184,30.7734,0.965944444,12.567267556,57.956667,754.036053,519.773983333,6786.708195556
2026-09-09T14:19:36.085455-07:00,2,146,60.0,13.013672,70.448,916.7744,30.8594,1.073691111,13.968384,64.421467,838.10304,520.847674444,6800.676579556
2026-09-09T14:20:36.089305-07:00,2,147,60.0,13.014063,68.564,892.3008,30.8828,1.180438889,15.359544889,70.826333,921.572693,522.028113333,6816.036124444
2026-09-09T14:21:36.097317-07:00,2,148,60.0,13.012109,60.892,792.3072,30.9063,1.077915556,14.024135111,64.674933,841.448107,523.106028889,6830.060259556
2026-09-09T14:24:55.232115-07:00,2,150,60.003,13.010938,62.476,813.1712,30.8906,1.096434444,14.264263111,65.782778,855.812996,525.465544444,6860.754090667
2026-09-09T14:26:17.298377-07:00,2,151,60.003,13.008203,57.836,752.32,30.9453,0.981515556,12.765582222,58.887989,765.896639,526.44706,6873.519672889
2026-09-09T14:28:22.945748-07:00,2,152,60.003,13.008789,65.348,850.0864,31.0156,1.069206667,13.905521778,64.149193,834.289592,527.516266667,6887.425194667
2026-09-09T14:29:22.929846-07:00,2,153,60.0,13.007617,60.868,791.744,31.0469,1.045545556,13.597468444,62.732733,815.848107,528.561812222,6901.022663111
2026-09-09T14:30:22.929472-07:00,2,154,60.0,13.007031,62.084,807.5008,31.0859,0.998457778,12.984263111,59.907467,779.055787,529.56027,6914.006926222
2026-09-09T14:31:22.951457-07:00,2,155,60.0,13.006836,63.308,823.4368,31.0156,1.044648889,13.584497778,62.678933,815.069867,530.604918889,6927.591424
2026-09-09T14:32:22.938914-07:00,2,156,60.0,13.006836,63.336,823.7824,30.9922,1.068877778,13.899889778,64.132667,833.993387,531.673796667,6941.491313778
2026-09-09T14:33:22.933256-07:00,2,157,60.0,13.006641,64.308,836.4032,31.0156,1.061248889,13.801073778,63.674933,828.064427,532.735045556,6955.292387556
2026-09-09T14:34:22.937228-07:00,2,158,60.0,13.006445,63.112,820.8512,30.9844,1.0532,13.695317333,63.192,821.71904,533.788245556,6968.987704889
2026-09-09T14:35:22.934762-07:00,2,159,60.0,13.005859,61.428,798.912,31.0625,1.042661111,13.557646222,62.559667,813.458773,534.830906667,6982.545351111
2026-09-09T14:36:22.928445-07:00,2,160,60.0,13.005469,59.944,779.5712,31.125,1.035715556,13.467022222,62.142933,808.021333,535.866622222,6996.012373333
2026-09-09T14:37:22.945463-07:00,2,161,60.0,13.004102,59.244,770.3936,31.125,0.994502222,12.929991111,59.670133,775.799467,536.861124444,7008.942364444
2026-09-09T14:38:22.949082-07:00,2,162,60.0,13.003516,60.176,782.5024,31.1641,0.984246667,12.795790222,59.0548,767.747413,537.845371111,7021.738154667
2026-09-09T14:39:22.943290-07:00,2,163,60.0,13.003516,60.34,784.6144,31.1953,0.999414444,12.992,59.964867,779.52,538.844785556,7034.730154667
2026-09-09T14:41:30.663134-07:00,2,164,60.003,13.003711,62.736,815.7696,31.2344,1.028072222,13.365816889,61.681249,801.908918,539.872857778,7048.095971556
2026-09-09T14:53:47.430257-07:00,2,168,60.003,13.004102,66.768,868.2368,31.4688,1.070253333,13.914453333,64.211989,834.825459,544.23183,7104.773404444
2026-09-09T14:54:47.423909-07:00,2,169,60.0,13.004297,65.596,853.0432,31.4375,1.11907,14.549560889,67.1442,872.973653,545.3509,7119.322965333
2026-09-09T14:55:47.416279-07:00,2,170,60.0,13.004297,66.856,869.4016,31.4453,1.098024444,14.275584,65.881467,856.53504,546.448924444,7133.598549333
2026-09-09T14:56:47.404078-07:00,2,171,60.0,13.004492,65.772,855.3088,31.4375,1.117941111,14.534883556,67.076467,872.093013,547.566865556,7148.133432889
2026-09-09T14:57:47.408957-07:00,2,172,60.0,13.004492,66.524,865.1136,31.4453,1.114363333,14.489144889,66.8618,869.348693,548.681228889,7162.622577778
2026-09-09T14:58:47.426653-07:00,2,173,60.0,13.004102,65.932,857.3568,31.4219,1.10173,14.324053333,66.1038,859.4432,549.782958889,7176.946631111
2026-09-09T14:59:47.418523-07:00,2,174,60.0,13.00332,64.388,837.248,31.4375,1.075703333,13.984199111,64.5422,839.051947,550.858662222,7190.930830222
2026-09-09T15:00:47.403708-07:00,2,175,60.0,13.00332,64.708,841.3824,31.4375,1.079981111,14.041144889,64.798867,842.468693,551.938643333,7204.971975111
2026-09-09T15:01:47.405003-07:00,2,176,60.0,13.00293,64.636,840.7296,31.4609,1.061038889,13.793678222,63.662333,827.620693,552.999682222,7218.765653333
2026-09-09T15:02:47.398516-07:00,2,177,60.0,13.002539,64.188,834.624,31.5078,1.064571111,13.839303111,63.874267,830.358187,554.064253333,7232.604956444
2026-09-09T15:03:47.416295-07:00,2,178,60.0,13.002148,63.848,830.1312,31.5625,1.049372222,13.641272889,62.962333,818.476373,555.113625556,7246.246229333
2026-09-09T15:04:47.403224-07:00,2,179,60.0,13.002344,63.752,828.9408,31.6094,1.050742222,13.658624,63.044533,819.51744,556.164367778,7259.904853333
2026-09-09T15:05:47.365105-07:00,2,180,60.0,13.002148,64.168,834.3168,31.6328,1.055873333,13.725297778,63.3524,823.517867,557.220241111,7273.630151111
2026-09-09T15:07:50.011304-07:00,2,181,60.003,13.002734,65.96,857.6384,31.6641,1.079322222,14.031416889,64.756096,841.842921,558.299563333,7287.661568
2026-09-09T15:08:49.998015-07:00,2,182,60.0,13.00293,66.02,858.4448,31.6641,1.104394444,14.358072889,66.263667,861.484373,559.403957778,7302.019640889
2026-09-09T15:09:49.998273-07:00,2,183,60.0,13.003125,66.032,858.6112,31.6875,1.106794444,14.388622222,66.407667,863.317333,560.510752222,7316.408263111
2026-09-09T15:10:50.006027-07:00,2,184,60.0,13.00332,65.588,853.0176,31.6797,1.108921111,14.415473778,66.535267,864.928427,561.619673333,7330.823736889
2026-09-09T15:11:49.992755-07:00,2,185,60.0,13.003516,67.528,878.08,31.6484,1.119581111,14.555192889,67.174867,873.311573,562.739254444,7345.378929778
2026-09-09T15:12:50.003129-07:00,2,186,60.0,13.003906,68.232,887.2832,31.6563,1.139311111,14.812216889,68.358667,888.733013,563.878565556,7360.191146667
2026-09-09T15:13:50.000573-07:00,2,187,60.0,13.004492,69.456,903.2576,31.6797,1.147673333,14.922183111,68.8604,895.330987,565.026238889,7375.113329778
2026-09-09T15:14:50.008885-07:00,2,188,60.0,13.004492,69.428,902.8608,31.7422,1.155281111,15.021397333,69.316867,901.28384,566.18152,7390.134727111
2026-09-09T15:15:50.006468-07:00,2,189,60.0,13.004688,68.908,896.128,31.7969,1.151691111,14.974122667,69.101467,898.44736,567.333211111,7405.108849778
2026-09-09T15:16:49.997516-07:00,2,190,60.0,13.004102,67.856,882.4064,31.8594,1.125827778,14.637511111,67.549667,878.250667,568.459038889,7419.746360889
2026-09-09T15:17:49.988735-07:00,2,191,60.0,13.003711,65.976,857.92,31.8828,1.109911111,14.430890667,66.594667,865.85344,569.56895,7434.177251556
2026-09-09T15:18:49.992219-07:00,2,192,60.0,13.002734,62.364,810.8928,31.8438,1.06364,13.827527111,63.8184,829.651627,570.63259,7448.004778667
2026-09-09T15:19:49.998236-07:00,2,193,60.0,13.001953,61.764,803.0464,31.7969,1.045122222,13.585806222,62.707333,815.148373,571.677712222,7461.590584889
2026-09-09T15:20:50.000450-07:00,2,194,60.0,13.001172,61.036,793.5488,31.7734,1.024693333,13.319452444,61.4816,799.167147,572.702405556,7474.910037333
2026-09-09T15:21:49.989585-07:00,2,195,60.0,13.001367,61.048,793.6896,31.8359,1.034716667,13.449500444,62.083,806.970027,573.737122222,7488.359537778
2026-09-09T15:22:49.997671-07:00,2,196,60.0,13.000586,60.48,786.2528,31.9609,1.024857778,13.320988444,61.491467,799.259307,574.76198,7501.680526222
2026-09-09T15:23:50.005851-07:00,2,197,60.0,12.999805,59.172,769.2288,32.0156,0.995273333,12.936362667,59.7164,776.18176,575.757253333,7514.616888889
2026-09-09T15:24:50.006082-07:00,2,198,60.0,12.999023,57.6,748.9408,32.0078,0.973007778,12.645489778,58.380467,758.729387,576.730261111,7527.262378667
2026-09-09T15:25:50.011305-07:00,2,199,60.0,12.998438,57.956,753.344,32.0,0.957643333,12.445013333,57.4586,746.7008,577.687904444,7539.707392
2026-09-09T15:26:50.024663-07:00,2,200,60.0,12.998242,58.752,763.6864,32.0234,0.961208889,12.490126222,57.672533,749.407573,578.649113333,7552.197518222
2026-09-09T15:27:49.998519-07:00,2,201,60.0,12.998242,58.252,757.184,32.0391,0.977168889,12.698168889,58.630133,761.890133,579.626282222,7564.895687111
2026-09-09T15:28:52.035171-07:00,2,202,60.0,12.998047,58.488,760.2176,32.0156,0.972321111,12.635136,58.339267,758.10816,580.598603333,7577.530823111
2026-09-09T15:30:23.883358-07:00,2,203,60.0,12.997656,58.244,757.0048,31.9922,0.971992222,12.630698667,58.319533,757.84192,581.570595556,7590.161521778
2026-09-09T15:32:37.919992-07:00,2,204,60.0,12.997266,58.884,765.312,32.0,0.963344444,12.518456889,57.800667,751.107413,582.53394,7602.679978667
2026-09-09T15:33:54.278444-07:00,2,205,60.0,12.99707,57.98,753.5488,32.0391,0.958027778,12.449109333,57.481667,746.94656,583.491967778,7615.129088
2026-09-09T15:35:21.802276-07:00,2,206,60.0,12.996094,55.088,715.9424,32.0625,0.934782222,12.145777778,56.086933,728.746667,584.42675,7627.274865778
2026-09-09T15:36:32.805260-07:00,2,207,60.0,12.994922,52.368,680.4992,32.0781,0.892805556,11.59936,53.568333,695.9616,585.319555556,7638.874225778
2026-09-09T15:37:44.163265-07:00,2,208,60.0,12.994336,52.004,675.7504,32.1016,0.868653333,11.284593778,52.1192,677.075627,586.188208889,7650.158819556
2026-09-09T15:38:39.833458-07:00,2,209,60.0,12.993945,52.284,679.6672,32.1328,0.886686667,11.518577778,53.2012,691.114667,587.074895556,7661.677397333
2026-09-09T15:39:42.815666-07:00,2,210,60.0,12.993555,52.424,681.1648,32.125,0.884248889,11.486606222,53.054933,689.196373,587.959144444,7673.164003556
2026-09-09T15:40:46.945401-07:00,2,211,60.0,12.992578,50.392,654.9504,32.1719,0.854715556,11.102321778,51.282933,666.139307,588.81386,7684.266325333
2026-09-09T15:41:59.060013-07:00,2,212,60.0,12.991406,48.864,634.7904,32.1875,0.823238889,10.692437333,49.394333,641.54624,589.637098889,7694.958762667
2026-09-09T15:42:50.037627-07:00,2,213,60.0,12.990234,47.128,612.224,32.2031,0.789908889,10.258432,47.394533,615.50592,590.427007778,7705.217194667
2026-09-09T15:43:44.255601-07:00,2,214,60.0,12.989453,45.6,592.3072,32.2109,0.774165556,10.05312,46.449933,603.1872,591.201173333,7715.270314667
2026-09-09T15:44:39.318452-07:00,2,215,60.0,12.989063,45.336,588.864,32.1953,0.772077778,10.025415111,46.324667,601.524907,591.973251111,7725.295729778
2026-09-09T15:45:39.811872-07:00,2,216,60.0,12.988281,46.096,598.72,32.1875,0.7627,9.903104,45.762,594.18624,592.735951111,7735.198833778
2026-09-09T15:46:36.335432-07:00,2,217,60.0,12.988281,47.184,612.8512,32.1406,0.784471111,10.186410667,47.068267,611.18464,593.520422222,7745.385244444
2026-09-09T15:47:32.175189-07:00,2,218,60.001,12.987891,48.144,625.28,32.1797,0.780733333,10.136974222,46.843219,608.208317,594.301155556,7755.522218667
2026-09-09T15:48:27.135418-07:00,2,219,60.0,12.987891,47.852,621.4912,32.1641,0.800026667,10.388024889,48.0016,623.281493,595.101182222,7765.910243556
2026-09-09T15:49:21.756517-07:00,2,220,60.0,12.9875,47.188,612.8768,32.1953,0.796213333,10.337962667,47.7728,620.27776,595.897395556,7776.248206222
2026-09-09T15:50:19.780593-07:00,2,221,60.0,12.9875,49.372,641.216,32.2266,0.805181111,10.454300444,48.310867,627.258027,596.702576667,7786.702506667
2026-09-09T15:51:19.722181-07:00,2,222,60.0,12.987305,48.4,628.5952,32.2422,0.810356667,10.521543111,48.6214,631.292587,597.512933333,7797.224049778
2026-09-09T15:51:54.796822-07:00,2,223,60.0,12.987109,47.432,615.9744,32.2578,0.798382222,10.366179556,47.902933,621.970773,598.311315556,7807.590229333
2026-09-09T15:52:00.575769-07:00,2,224,60.0,12.986914,47.74,620.0064,32.2969,0.802812222,10.422954667,48.168733,625.37728,599.114127778,7818.013184
2026-09-09T15:52:06.166953-07:00,2,225,60.0,12.986914,48.208,626.0864,32.3438,0.806438889,10.470058667,48.386333,628.20352,599.920566667,7828.483242667
2026-09-09T15:52:50.130616-07:00,2,226,60.0,12.986914,48.664,631.9616,32.3047,0.80975,10.512896,48.585,630.77376,600.730316667,7838.996138667
2026-09-09T15:53:50.129866-07:00,2,227,60.0,12.986523,49.196,638.8992,32.1016,0.808557778,10.497877333,48.513467,629.87264,601.538874444,7849.494016
2026-09-09T15:54:50.136917-07:00,2,228,60.0,12.986523,48.628,631.488,32.0859,0.805615556,10.458908444,48.336933,627.534507,602.34449,7859.952924444
2026-09-09T15:55:50.141317-07:00,2,229,60.0,12.985938,48.04,623.8208,32.0781,0.790727778,10.265258667,47.443667,615.91552,603.135217778,7870.218183111
2026-09-09T15:56:50.144050-07:00,2,230,60.0,12.985742,47.104,611.6864,32.0469,0.799736667,10.382165333,47.9842,622.92992,603.934954444,7880.600348444
2026-09-09T15:57:50.148527-07:00,2,231,60.0,12.985547,46.632,605.7344,32.0859,0.791542222,10.275612444,47.492533,616.536747,604.726496667,7890.875960889
2026-09-09T15:58:50.153830-07:00,2,232,60.0,12.984961,46.108,598.6944,32.0391,0.773232222,10.037475556,46.393933,602.248533,605.499728889,7900.913436444
2026-09-09T15:59:50.157928-07:00,2,233,60.0,12.984375,45.916,596.1728,32.0156,0.754455556,9.793194667,45.267333,587.59168,606.254184444,7910.706631111
2026-09-09T16:00:50.167378-07:00,2,234,60.0,12.983789,44.624,579.3792,31.9297,0.75219,9.763384889,45.1314,585.803093,607.006374444,7920.470016
2026-09-09T16:01:50.166149-07:00,2,235,60.0,12.982617,41.592,539.9552,31.8594,0.705076667,9.150350222,42.3046,549.021013,607.711451111,7929.620366222
2026-09-09T16:02:50.170562-07:00,2,236,60.0,12.981836,41.144,534.1184,31.8281,0.699638889,9.079751111,41.978333,544.785067,608.41109,7938.700117333
2026-09-09T16:03:50.174531-07:00,2,237,60.0,12.981055,41.696,541.248,31.8438,0.693288889,8.996465778,41.597333,539.787947,609.104378889,7947.696583111
2026-09-09T16:04:50.179957-07:00,2,238,60.0,12.980273,39.876,517.6192,31.7891,0.674631111,8.754232889,40.477867,525.253973,609.77901,7956.450816
2026-09-09T16:05:50.183954-07:00,2,239,60.0,12.979492,37.984,492.992,31.7188,0.646966667,8.394467556,38.818,503.668053,610.425976667,7964.845283556
2026-09-09T16:06:50.190490-07:00,2,240,60.0,12.978711,38.2,496.0512,31.8125,0.634706667,8.234552889,38.0824,494.073173,611.060683333,7973.079836444
2026-09-09T16:07:50.194929-07:00,2,241,60.0,12.978125,38.36,497.8304,31.9609,0.623234444,8.085504,37.394067,485.13024,611.683917778,7981.165340444
2026-09-09T16:08:50.197975-07:00,2,242,60.0,12.978125,37.38,485.3888,31.9297,0.637064444,8.264874667,38.223867,495.89248,612.320982222,7989.430215111
2026-09-09T16:09:50.201447-07:00,2,243,60.0,12.977148,36.484,473.4464,31.8594,0.622818889,8.079530667,37.369133,484.77184,612.943801111,7997.509745778
2026-09-09T16:10:50.209184-07:00,2,244,60.0,12.976367,36.456,473.0368,31.8594,0.604323333,7.838663111,36.2594,470.319787,613.548124444,8005.348408889
2026-09-09T16:11:50.209397-07:00,2,245,60.0,12.976172,36.884,478.6304,31.8438,0.607026667,7.873763556,36.4216,472.425813,614.155151111,8013.222172444
2026-09-09T16:12:50.214534-07:00,2,246,60.0,12.975195,35.224,457.0368,31.9219,0.591887778,7.677041778,35.513267,460.622507,614.747038889,8020.899214222
2026-09-09T16:13:50.219246-07:00,2,247,60.0,12.974219,32.084,416.2688,32.0313,0.560586667,7.270172444,33.6352,436.210347,615.307625556,8028.169386667
2026-09-09T16:14:50.223813-07:00,2,248,60.0,12.973633,32.092,416.32,32.0859,0.546853333,7.091712,32.8112,425.50272,615.854478889,8035.261098667
2026-09-09T16:15:50.228494-07:00,2,249,60.0,12.972656,32.4,420.3264,31.9844,0.533891111,6.922979556,32.033467,415.378773,616.38837,8042.184078222
2026-09-09T16:16:50.233401-07:00,2,250,60.0,12.972656,35.18,456.3968,32.0,0.554793333,7.194055111,33.2876,431.643307,616.943163333,8049.378133333
2026-09-09T16:17:50.230591-07:00,2,251,60.0,12.972852,35.82,464.6912,32.0469,0.584244444,7.576348444,35.054667,454.580907,617.527407778,8056.954481778
2026-09-09T16:18:50.228850-07:00,2,252,60.0,12.972852,35.692,463.0528,32.0547,0.601614444,7.801628444,36.096867,468.097707,618.129022222,8064.756110222
2026-09-09T16:19:50.248149-07:00,2,253,60.0,12.972656,35.424,459.5584,32.0781,0.600356667,7.785187556,36.0214,467.111253,618.729378889,8072.541297778
2026-09-09T16:20:50.267549-07:00,2,254,60.0,12.972266,35.24,457.1648,32.0313,0.581616667,7.541873778,34.897,452.512427,619.310995556,8080.083171556
2026-09-09T16:21:50.298506-07:00,2,255,60.0,12.971875,34.7,450.112,32.0234,0.574828889,7.453639111,34.489733,447.218347,619.885824444,8087.536810667
2026-09-09T16:22:50.344050-07:00,2,256,60.0,12.971289,33.648,436.4544,31.9141,0.566702222,7.347939556,34.002133,440.876373,620.452526667,8094.884750222
2026-09-09T16:23:50.248444-07:00,2,257,60.0,12.971094,33.624,436.1472,31.8672,0.562862222,7.297820444,33.771733,437.869227,621.015388889,8102.182570667
2026-09-09T16:24:50.253513-07:00,2,258,60.0,12.970898,35.008,454.0672,31.8672,0.566382222,7.342819556,33.982933,440.569173,621.581771111,8109.525390222
2026-09-09T16:25:50.259793-07:00,2,259,60.0,12.970703,34.664,449.6256,31.8828,0.571653333,7.411541333,34.2992,444.69248,622.153424444,8116.936931556
2026-09-09T16:26:50.261532-07:00,2,260,60.0,12.970117,33.488,434.3168,31.9141,0.562627778,7.294293333,33.757667,437.6576,622.716052222,8124.231224889
2026-09-09T16:27:50.268419-07:00,2,261,60.0,12.969141,31.712,411.2512,31.8047,0.532887778,6.908302222,31.973267,414.498133,623.24894,8131.139527111
2026-09-09T16:28:50.269595-07:00,2,262,60.0,12.968359,30.156,391.0528,31.8594,0.506567778,6.566001778,30.394067,393.960107,623.755507778,8137.705528889
2026-09-09T16:29:50.276638-07:00,2,263,60.0,12.967383,29.264,379.456,31.8438,0.502794444,6.516792889,30.167667,391.007573,624.258302222,8144.222321778
2026-09-09T16:30:50.280480-07:00,2,264,60.0,12.967188,29.88,387.456,31.875,0.494383333,6.407736889,29.663,384.464213,624.752685556,8150.630058667
2026-09-09T16:31:50.288487-07:00,2,265,60.0,12.967188,30.476,395.2,31.8203,0.493244444,6.392718222,29.594667,383.563093,625.24593,8157.022776889
2026-09-09T16:32:50.286167-07:00,2,266,60.0,12.966797,30.76,398.848,31.7969,0.506255556,6.560995556,30.375333,393.659733,625.752185556,8163.583772444
2026-09-09T16:33:50.294745-07:00,2,267,60.0,12.966797,32.448,420.7232,31.7813,0.533457778,6.914161778,32.007467,414.849707,626.285643333,8170.497934222
2026-09-09T16:34:50.296137-07:00,2,268,60.0,12.966992,33.484,434.2016,31.7969,0.544167778,7.053084444,32.650067,423.185067,626.829811111,8177.551018667
2026-09-09T16:35:50.298511-07:00,2,269,60.0,12.967383,35.22,456.7296,31.8203,0.554162222,7.182677333,33.249733,430.96064,627.383973333,8184.733696
2026-09-09T16:36:50.370654-07:00,2,270,60.0,12.967188,32.964,427.4304,31.8672,0.585687778,7.591424,35.141267,455.48544,627.969661111,8192.32512
2026-09-09T16:38:04.337420-07:00,2,271,60.0,12.967383,33.068,428.8128,31.8359,0.571948889,7.413930667,34.316933,444.83584,628.54161,8199.739050667
2026-09-09T16:39:01.731127-07:00,2,272,60.0,12.966992,33.604,435.7504,31.8984,0.557615556,7.227335111,33.456933,433.640107,629.099225556,8206.966385778
2026-09-09T16:40:01.413981-07:00,2,273,60.0,12.967969,38.496,499.2128,31.9609,0.594992222,7.712256,35.699533,462.73536,629.694217778,8214.678641778
2026-09-09T16:41:10.061008-07:00,2,274,60.0,12.968164,36.112,468.3264,31.9375,0.619988889,8.036807111,37.199333,482.208427,630.314206667,8222.715448889
2026-09-09T16:42:18.004168-07:00,2,275,60.0,12.967188,33.192,430.3744,31.9375,0.585026667,7.583744,35.1016,455.02464,630.899233333,8230.299192889
2026-09-09T16:43:32.177930-07:00,2,276,60.0,12.967383,35.452,459.7376,31.9844,0.562941111,7.296853333,33.776467,437.8112,631.462174444,8237.596046222
2026-09-09T16:44:28.305068-07:00,2,277,60.0,12.967383,36.068,467.712,31.9297,0.593162222,7.688078222,35.589733,461.284693,632.055336667,8245.284124444
2026-09-09T16:45:58.072808-07:00,2,278,60.0,12.967383,35.808,464.3072,31.8828,0.602376667,7.808682667,36.1426,468.52096,632.657713333,8253.092807111
2026-09-09T16:47:03.921216-07:00,2,279,60.0,12.966992,35.692,462.784,31.8594,0.596885556,7.736832,35.813133,464.20992,633.254598889,8260.829639111
2026-09-09T16:48:03.938386-07:00,2,280,60.0,12.966016,30.432,394.5984,31.8516,0.543866667,7.048988444,32.632,422.939307,633.798465556,8267.878627556
2026-09-09T16:48:58.773174-07:00,2,281,60.0,12.965234,31.888,413.44,31.8594,0.52357,6.784853333,31.4142,407.0912,634.322035556,8274.663480889
2026-09-09T16:49:56.550380-07:00,2,282,60.0,12.96582,34.452,446.6944,31.8594,0.548704444,7.111338667,32.922267,426.68032,634.87074,8281.774819556
2026-09-09T16:50:50.460488-07:00,2,283,60.0,12.966016,33.236,430.9376,31.8672,0.567917778,7.360398222,34.075067,441.623893,635.438657778,8289.135217778
2026-09-09T16:51:50.331969-07:00,2,284,60.0,12.965039,31.264,405.312,31.8281,0.549867778,7.125845333,32.992067,427.55072,635.988525556,8296.261063111
2026-09-09T16:52:47.176436-07:00,2,285,60.0,12.964063,30.916,400.768,31.8438,0.506253333,6.560199111,30.3752,393.611947,636.494778889,8302.821262222
2026-09-09T16:53:53.547061-07:00,2,286,60.0,12.963086,27.844,360.9472,31.8672,0.480457778,6.225351111,28.827467,373.521067,636.975236667,8309.046613333
2026-09-09T16:54:49.695770-07:00,2,287,60.0,12.962305,27.16,352.064,31.9453,0.462856667,5.996942222,27.7714,359.816533,637.438093333,8315.043555556
2026-09-09T16:55:47.941434-07:00,2,288,60.0,12.961523,26.524,343.7568,31.9922,0.445731111,5.774392889,26.743867,346.463573,637.883824444,8320.817948444
2026-09-09T16:56:42.298638-07:00,2,289,60.0,12.960547,24.824,321.7408,31.9844,0.419806667,5.438065778,25.1884,326.283947,638.303631111,8326.256014222
2026-09-09T16:57:36.933289-07:00,2,290,60.0,12.959961,24.14,312.8576,31.9766,0.411736667,5.333333333,24.7042,320.0,638.715367778,8331.589347556
2026-09-09T16:58:33.110718-07:00,2,291,60.0,12.95957,25.204,326.6304,31.9453,0.413562222,5.356430222,24.813733,321.385813,639.12893,8336.945777778
2026-09-09T16:59:35.058349-07:00,2,292,60.0,12.95957,27.028,350.2848,31.9766,0.429263333,5.559808,25.7558,333.58848,639.558193333,8342.505585778
2026-09-09T17:00:40.231391-07:00,2,293,60.0,12.959766,27.584,357.4912,31.9453,0.450716667,5.837880889,27.043,350.272853,640.00891,8348.343466667
2026-09-09T17:01:36.489866-07:00,2,294,60.0,12.95957,28.38,367.808,31.8906,0.471564444,6.108103111,28.293867,366.486187,640.480474444,8354.451569778
2026-09-09T17:02:33.258274-07:00,2,295,60.0,12.959766,29.508,382.4128,31.9063,0.48109,6.231438222,28.8654,373.886293,640.961564444,8360.683008
2026-09-09T17:03:26.979892-07:00,2,296,60.0,12.959766,29.468,381.9136,31.9531,0.486532222,6.302208,29.191933,378.13248,641.448096667,8366.985216
2026-09-09T17:04:29.137834-07:00,2,297,60.0,12.959961,28.844,373.824,32.0156,0.489565556,6.341461333,29.373933,380.48768,641.937662222,8373.326677333
2026-09-09T17:05:40.954361-07:00,2,298,60.0,12.95957,29.32,379.9552,32.0313,0.489343333,6.338673778,29.3606,380.320427,642.427005556,8379.665351111
2026-09-09T17:06:34.416864-07:00,2,299,60.0,12.95957,29.128,377.4592,32.0469,0.49096,6.359153778,29.4576,381.549227,642.917965556,8386.024504889
2026-09-09T17:07:28.414149-07:00,2,300,60.0,12.95957,29.092,377.024,32.0391,0.489071111,6.335317333,29.344267,380.11904,643.407036667,8392.359822222
2026-09-09T17:08:22.765628-07:00,2,301,60.0,12.95918,30.448,394.56,32.0391,0.49269,6.381738667,29.5614,382.90432,643.899726667,8398.741560889
2026-09-09T17:09:21.731035-07:00,2,302,60.0,12.95918,28.424,368.32,32.0547,0.490977778,6.359210667,29.458667,381.55264,644.390704444,8405.100771556
2026-09-09T17:10:24.274258-07:00,2,303,60.0,12.958789,27.432,355.5072,32.0938,0.46807,6.062705778,28.0842,363.762347,644.858774444,8411.163477333
2026-09-09T17:11:19.679569-07:00,2,304,60.0,12.958398,29.128,377.4336,32.1406,0.46978,6.084721778,28.1868,365.083307,645.328554444,8417.248199111
2026-09-09T17:12:18.811607-07:00,2,305,60.0,12.958594,29.404,381.0432,32.1563,0.482905556,6.254535111,28.974333,375.272107,645.81146,8423.502734222
2026-09-09T17:13:20.686573-07:00,2,306,60.0,12.958398,29.048,376.4352,32.1484,0.485975556,6.294357333,29.158533,377.66144,646.297435556,8429.797091556
2026-09-09T17:14:39.763605-07:00,2,307,60.0,12.958398,29.436,381.4656,32.125,0.495334444,6.415985778,29.720067,384.959147,646.79277,8436.213077333
2026-09-09T17:15:43.403105-07:00,2,308,60.0,12.958594,30.832,399.5392,32.1406,0.499453333,6.468949333,29.9672,388.13696,647.292223333,8442.682026667
2026-09-09T17:16:18.867158-07:00,2,309,60.0,12.958789,30.816,399.3216,32.1328,0.506747778,6.563612444,30.404867,393.816747,647.798971111,8449.245639111
2026-09-09T17:16:51.782800-07:00,2,310,60.0,12.958398,29.796,386.112,32.1563,0.508841111,6.590805333,30.530467,395.44832,648.307812222,8455.836444444
2026-09-09T17:17:50.655328-07:00,2,311,60.0,12.958398,30.72,398.0672,32.1797,0.508903333,6.591431111,30.5342,395.485867,648.816715556,8462.427875556
2026-09-09T17:18:50.463511-07:00,2,312,60.0,12.958398,31.832,412.4928,32.1875,0.513641111,6.652871111,30.818467,399.172267,649.330356667,8469.080746667
2026-09-09T17:19:51.062987-07:00,2,313,60.0,12.958594,30.456,394.752,32.2031,0.520237778,6.738659556,31.214267,404.319573,649.850594444,8475.819406222
2026-09-09T17:20:50.481443-07:00,2,314,60.0,12.958398,30.188,391.168,32.2188,0.511748889,6.628238222,30.704933,397.694293,650.362343333,8482.447644444
2026-09-09T17:21:50.477167-07:00,2,315,60.0,12.958594,30.552,395.8912,32.2266,0.505278889,6.544384,30.316733,392.66304,650.867622222,8488.992028444
2026-09-09T17:22:50.496047-07:00,2,316,60.0,12.958008,30.312,392.7936,32.2188,0.498828889,6.460984889,29.929733,387.659093,651.366451111,8495.453013333
2026-09-09T17:23:50.496601-07:00,2,317,60.0,12.957813,29.62,383.7952,32.1797,0.500602222,6.483512889,30.036133,389.010773,651.867053333,8501.936526222
2026-09-09T17:24:50.649861-07:00,2,318,60.0,12.958008,30.312,392.7552,32.1875,0.504813333,6.538069333,30.2888,392.28416,652.371866667,8508.474595556
2026-09-09T17:25:50.765243-07:00,2,319,60.0,12.957617,30.192,391.2192,32.1875,0.50684,6.564010667,30.4104,393.84064,652.878706667,8515.038606222
2026-09-09T17:26:50.833579-07:00,2,320,60.0,12.957617,29.824,386.7392,32.1875,0.509435556,6.598314667,30.566133,395.89888,653.388142222,8521.636920889
2026-09-09T17:27:50.883781-07:00,2,321,60.0,12.957617,31.296,405.5296,32.1797,0.511888889,6.629774222,30.713333,397.786453,653.900031111,8528.266695111
2026-09-09T17:28:50.921326-07:00,2,322,60.0,12.957813,31.048,402.3296,32.2109,0.514968889,6.669596444,30.898133,400.175787,654.415,8534.936291556
2026-09-09T17:29:50.781606-07:00,2,323,60.0,12.957617,30.444,394.4832,32.25,0.513788889,6.654179556,30.827333,399.250773,654.928788889,8541.590471111
2026-09-09T17:30:57.416717-07:00,2,324,60.0,12.957422,30.208,391.68,32.2578,0.513567778,6.651448889,30.814067,399.086933,655.442356667,8548.24192
2026-09-09T17:31:50.853023-07:00,2,325,60.0,12.957422,31.204,404.3008,32.2813,0.510465556,6.611171556,30.627933,396.670293,655.952822222,8554.853091556
2026-09-09T17:32:50.841129-07:00,2,326,60.0,12.957227,30.272,392.256,32.25,0.508572222,6.586538667,30.514333,395.19232,656.461394444,8561.439630222
2026-09-09T17:33:50.506913-07:00,2,327,60.0,12.956836,28.912,374.6176,32.2578,0.497573333,6.443576889,29.8544,386.614613,656.958967778,8567.883207111
2026-09-09T17:34:50.505464-07:00,2,328,60.0,12.956641,29.176,378.0224,32.2344,0.48814,6.321720889,29.2884,379.303253,657.447107778,8574.204928
2026-09-09T17:35:50.523001-07:00,2,329,60.0,12.95625,29.32,379.8912,32.25,0.482071111,6.242645333,28.924267,374.55872,657.929178889,8580.447573333
2026-09-09T17:36:50.546595-07:00,2,330,60.0,12.955859,27.64,358.3744,32.2656,0.472727778,6.121927111,28.363667,367.315627,658.401906667,8586.569500444
2026-09-09T17:37:50.581894-07:00,2,331,60.0,12.955469,26.736,346.3936,32.2422,0.460383333,5.961671111,27.623,357.700267,658.86229,8592.531171556
2026-09-09T17:38:50.603008-07:00,2,332,60.0,12.953906,22.2,287.7696,32.25,0.412985556,5.346986667,24.779133,320.8192,659.275275556,8597.878158222
2026-09-09T17:39:50.523461-07:00,2,333,60.0,12.95293,22.3,288.8448,32.25,0.365147778,4.727011556,21.908867,283.620693,659.640423333,8602.605169778
2026-09-09T17:40:50.526700-07:00,2,334,60.0,12.952148,21.064,272.8448,32.2578,0.35925,4.649870222,21.555,278.992213,659.999673333,8607.25504
2026-09-09T17:41:50.529758-07:00,2,335,60.0,12.951367,20.6,266.7648,32.2578,0.35431,4.586097778,21.2586,275.165867,660.353983333,8611.841137778
2026-09-09T17:42:50.539318-07:00,2,336,60.0,12.950977,20.988,272.0768,32.2891,0.35062,4.538026667,21.0372,272.2816,660.704603333,8616.379164444
2026-09-09T17:43:50.536118-07:00,2,337,60.0,12.950391,21.372,276.7488,32.1953,0.347858889,4.501617778,20.871533,270.097067,661.052462222,8620.880782222
2026-09-09T17:44:50.543079-07:00,2,338,60.0,12.95,20.536,265.9328,32.2109,0.345576667,4.472035556,20.7346,268.322133,661.398038889,8625.352817778
2026-09-09T17:45:50.545240-07:00,2,339,60.0,12.949609,21.14,273.7536,32.2031,0.343447778,4.444273778,20.606867,266.656427,661.741486667,8629.797091556
2026-09-09T17:46:50.549769-07:00,2,340,60.0,12.949219,20.604,266.7904,32.1875,0.3414,4.417877333,20.484,265.07264,662.082886667,8634.214968889
2026-09-09T17:47:50.551243-07:00,2,341,60.0,12.949023,19.76,255.8848,32.1719,0.339454444,4.392220444,20.367267,263.533227,662.422341111,8638.607189333
2026-09-09T17:48:50.554023-07:00,2,342,60.0,12.948633,20.28,262.592,32.1797,0.336776667,4.357802667,20.2066,261.46816,662.759117778,8642.964992
2026-09-09T17:49:50.558894-07:00,2,343,60.0,12.948438,20.308,262.9376,32.2578,0.332437778,4.301312,19.946267,258.07872,663.091555556,8647.266304
2026-09-09T17:50:50.561467-07:00,2,344,60.0,12.947656,19.004,246.0544,32.2734,0.326825556,4.228494222,19.609533,253.709653,663.418381111,8651.494798222
2026-09-09T17:51:50.565804-07:00,2,345,60.0,12.947266,18.68,241.8432,32.3516,0.320274444,4.143786667,19.216467,248.6272,663.738655556,8655.638584889
2026-09-09T17:52:50.570973-07:00,2,346,60.0,12.946875,19.044,246.5664,32.4375,0.312326667,4.040476444,18.7396,242.428587,664.050982222,8659.679061333
2026-09-09T17:53:50.577258-07:00,2,347,60.0,12.946289,17.992,233.088,32.4688,0.302744444,3.916231111,18.164667,234.973867,664.353726667,8663.595292444
2026-09-09T17:54:50.579564-07:00,2,348,60.0,12.945703,16.68,215.936,32.4063,0.292445556,3.782997333,17.546733,226.97984,664.646172222,8667.378289778
2026-09-09T17:55:50.580505-07:00,2,349,60.0,12.945313,16.588,215.0016,32.3359,0.281975556,3.647146667,16.918533,218.8288,664.928147778,8671.025436444
2026-09-09T17:56:50.584462-07:00,2,350,60.0,12.944727,16.588,214.7328,32.3828,0.271833333,3.515392,16.31,210.92352,665.199981111,8674.540828444
2026-09-09T17:57:50.587370-07:00,2,351,60.0,12.94375,15.232,197.1328,32.4063,0.261823333,3.385969778,15.7094,203.158187,665.461804444,8677.926798222
2026-09-09T17:58:50.594534-07:00,2,352,60.0,12.943359,14.372,186.0096,32.4531,0.252838889,3.269575111,15.170333,196.174507,665.714643333,8681.196373333
2026-09-09T17:59:50.594818-07:00,2,353,60.0,12.942773,14.896,192.8064,32.4844,0.244496667,3.161315556,14.6698,189.678933,665.95914,8684.357688889
2026-09-09T18:00:50.602105-07:00,2,354,60.0,12.942383,14.124,182.7712,32.5234,0.235816667,3.049187556,14.149,182.951253,666.194956667,8687.406876444
2026-09-09T18:01:50.606855-07:00,2,355,60.0,12.941602,12.708,164.6848,32.4688,0.227172222,2.936945778,13.630333,176.216747,666.422128889,8690.343822222
2026-09-09T18:02:50.611989-07:00,2,356,60.0,12.94082,12.876,166.6048,32.5313,0.218873333,2.829312,13.1324,169.75872,666.641002222,8693.173134222
2026-09-09T18:03:50.610483-07:00,2,357,60.0,12.94043,11.876,153.6768,32.5234,0.210313333,2.718492444,12.6188,163.109547,666.851315556,8695.891626667
2026-09-09T18:04:50.613602-07:00,2,358,60.0,12.939844,11.688,151.232,32.4688,0.202242222,2.613589333,12.134533,156.81536,667.053557778,8698.505216
2026-09-09T18:05:50.619411-07:00,2,359,60.0,12.939258,12.004,155.3152,32.4844,0.19455,2.514204444,11.673,150.852267,667.248107778,8701.019420444
2026-09-09T18:06:50.621170-07:00,2,360,60.0,12.938867,10.848,140.352,32.5938,0.186797778,2.413738667,11.207867,144.82432,667.434905556,8703.433159111
2026-09-09T18:07:50.624298-07:00,2,361,60.0,12.938086,10.1,130.6496,32.6875,0.179266667,2.316458667,10.756,138.98752,667.614172222,8705.749617778
2026-09-09T18:08:50.627855-07:00,2,362,60.0,12.9375,10.72,138.688,32.7188,0.17183,2.219975111,10.3098,133.198507,667.786002222,8707.969592889
2026-09-09T18:09:50.631274-07:00,2,363,60.0,12.937109,9.84,127.2832,32.7188,0.164685556,2.127416889,9.881133,127.645013,667.950687778,8710.097009778
2026-09-09T18:10:50.635021-07:00,2,364,60.0,12.936328,8.74,113.0368,32.6094,0.157288889,2.031672889,9.437333,121.900373,668.107976667,8712.128682667
2026-09-09T18:11:50.656551-07:00,2,365,60.0,12.935742,9.356,121.0368,32.625,0.152966667,1.975637333,9.178,118.53824,668.260943333,8714.10432
2026-09-09T18:12:55.588899-07:00,2,366,60.0,12.935547,9.7,125.4656,32.5859,0.153313333,1.980017778,9.1988,118.801067,668.414256667,8716.084337778
2026-09-09T18:14:05.936304-07:00,2,367,60.0,12.935156,8.66,112.0256,32.6406,0.155064444,2.002659556,9.303867,120.159573,668.569321111,8718.086997333
2026-09-09T18:15:20.062311-07:00,2,368,60.0,12.93457,9.268,119.872,32.7109,0.155605556,2.009543111,9.336333,120.572587,668.724926667,8720.096540444
2026-09-09T18:16:30.462004-07:00,2,369,60.0,12.934375,9.792,126.6304,32.7188,0.153693333,1.984910222,9.2216,119.094613,668.87862,8722.081450667
2026-09-09T18:17:35.690888-07:00,2,370,60.0,12.933984,8.792,113.7024,32.7266,0.154392222,1.993784889,9.263533,119.627093,669.033012222,8724.075235556
2026-09-09T18:18:48.443095-07:00,2,371,60.0,12.933984,9.752,126.1312,32.7656,0.159056667,2.054087111,9.5434,123.245227,669.192068889,8726.129322667
2026-09-09T18:19:57.680048-07:00,2,372,60.0,12.933984,11.372,147.0592,32.8281,0.172536667,2.228451556,10.3522,133.707093,669.364605556,8728.357774222
2026-09-09T18:20:15.110870-07:00,2,373,60.0,12.933789,10.672,138.048,32.6797,0.182396667,2.355996444,10.9438,141.359787,669.547002222,8730.713770667
2026-09-09T18:20:50.696096-07:00,2,374,60.0,12.933984,10.564,136.6016,32.7031,0.182266667,2.354232889,10.936,141.253973,669.729268889,8733.068003556
2026-09-09T18:21:50.698966-07:00,2,375,60.0,12.933398,10.86,140.4672,32.8203,0.175515556,2.266851556,10.530933,136.011093,669.904784444,8735.334855111
2026-09-09T18:22:50.703340-07:00,2,376,60.0,12.933008,9.972,128.96,32.8594,0.169532222,2.189425778,10.171933,131.365547,670.074316667,8737.524280889
2026-09-09T18:23:50.707861-07:00,2,377,60.0,12.932617,10.664,138.0992,32.8906,0.168555556,2.176910222,10.113333,130.614613,670.242872222,8739.701191111
2026-09-09T18:24:50.712540-07:00,2,378,60.0,12.932422,9.832,127.168,32.9063,0.167785556,2.166727111,10.067133,130.003627,670.410657778,8741.867918222
2026-09-09T18:25:50.717032-07:00,2,379,60.0,12.932031,9.656,124.8384,32.9219,0.158498889,2.052380444,9.509933,123.142827,670.569156667,8743.920298667
2026-09-09T18:26:50.719687-07:00,2,380,60.0,12.931836,10.632,137.472,32.9219,0.167458889,2.162460444,10.047533,129.747627,670.736615556,8746.082759111
2026-09-09T18:27:50.725523-07:00,2,381,60.0,12.931836,9.804,126.7968,32.9766,0.16714,2.158193778,10.0284,129.491627,670.903755556,8748.240952889
2026-09-09T18:28:50.731359-07:00,2,382,60.0,12.931445,9.056,117.1072,32.9766,0.162687778,2.100679111,9.761267,126.040747,671.066443333,8750.341632
2026-09-09T18:29:50.733674-07:00,2,383,60.0,12.931055,9.972,128.9472,32.8672,0.159113333,2.054314667,9.5468,123.25888,671.225556667,8752.395946667
2026-09-09T18:30:50.738531-07:00,2,384,60.0,12.930664,9.448,122.1376,32.8125,0.15555,2.008291556,9.333,120.497493,671.381106667,8754.404238222
2026-09-09T18:31:50.740951-07:00,2,385,60.0,12.930469,8.552,110.5792,32.8906,0.154196667,1.990826667,9.2518,119.4496,671.535303333,8756.395064889
2026-09-09T18:32:50.746936-07:00,2,386,60.0,12.929883,9.536,123.3152,32.9688,0.153456667,1.981041778,9.2074,118.862507,671.68876,8758.376106667
2026-09-09T18:33:50.749951-07:00,2,387,60.0,12.929883,9.58,123.84,32.9219,0.152515556,1.968924444,9.150933,118.135467,671.841275556,8760.345031111
2026-09-09T18:34:50.753877-07:00,2,388,60.0,12.928516,1.664,21.5168,32.8828,0.125903333,1.646876444,7.5542,98.812587,671.967178889,8761.991907556
2026-09-09T18:35:50.755901-07:00,2,389,60.0,12.926953,1.444,25.7664,32.8984,0.024597778,0.406926222,1.475867,24.415573,671.991776667,8762.398833778
2026-09-09T18:36:50.763386-07:00,2,390,60.0,12.926172,2.28,29.4784,32.9453,0.024367778,0.397994667,1.462067,23.87968,672.016144444,8762.796828444
2026-09-09T18:37:50.765929-07:00,2,391,60.0,12.925391,1.092,14.1056,32.9453,0.022901111,0.384853333,1.374067,23.0912,672.039045556,8763.181681778
2026-09-09T18:38:50.767437-07:00,2,392,60.0,12.924609,1.492,19.264,32.9453,0.022244444,0.370346667,1.334667,22.2208,672.06129,8763.552028444
2026-09-09T18:39:50.770696-07:00,2,393,60.0,12.924219,2.32,29.9776,32.9688,0.019496667,0.341390222,1.1698,20.483413,672.080786667,8763.893418667
2026-09-09T18:40:50.775075-07:00,2,394,60.0,12.923828,1.272,16.7296,33.0234,0.018036667,0.316871111,1.0822,19.012267,672.098823333,8764.210289778
2026-09-09T18:42:04.654746-07:00,2,395,60.0,12.922852,-0.608,7.872,33.0781,0.014542222,0.286378667,0.872533,17.18272,672.113365556,8764.496668444
2026-09-09T18:43:17.562181-07:00,2,396,60.0,12.922852,1.644,47.2448,33.1172,0.011648889,0.272270222,0.698933,16.336213,672.125014444,8764.768938667
2026-09-09T18:44:44.456264-07:00,2,397,60.0,12.922266,1.868,29.1328,33.125,0.008851111,0.247921778,0.531067,14.875307,672.133865556,8765.016860444
2026-09-09T18:45:55.400992-07:00,2,398,60.0,12.92168,1.62,21.824,33.1563,0.006332222,0.223630222,0.379933,13.417813,672.140197778,8765.240490667
2026-09-09T18:47:06.915459-07:00,2,399,60.0,12.921094,1.956,26.5472,33.125,0.00337,0.201671111,0.2022,12.100267,672.143567778,8765.442161778
2026-09-09T18:48:12.043774-07:00,2,400,60.0,12.920508,0.432,14.4512,33.1016,0.000543333,0.185287111,0.0326,11.117227,672.144111111,8765.627448889
2026-09-09T18:49:51.994954-07:00,2,401,60.0,12.920313,-0.796,10.2912,33.125,-0.002256667,0.176924444,-0.1354,10.615467,672.141854444,8765.804373333
2026-09-09T18:50:00.786358-07:00,2,402,60.0,12.919922,-0.596,7.7184,33.1797,-0.004411111,0.162019556,-0.264667,9.721173,672.137443333,8765.966392889
2026-09-09T18:50:07.092622-07:00,2,403,60.0,12.919336,0.464,12.3008,33.1797,-0.006835556,0.149162667,-0.410133,8.94976,672.130607778,8766.115555556
2026-09-09T18:50:50.827243-07:00,2,404,60.0,12.919141,-0.62,8.0128,33.0703,-0.008077778,0.145749333,-0.484667,8.74496,672.12253,8766.261304889
2026-09-09T18:51:50.836746-07:00,2,405,60.0,12.918555,-0.6,7.7568,33.0938,-0.009268889,0.138183111,-0.556133,8.290987,672.113261111,8766.399488
2026-09-09T18:52:50.875763-07:00,2,406,60.0,12.918945,2.56,33.088,33.0938,0.011022222,0.3072,0.661333,18.432,672.124283333,8766.706688
2026-09-09T18:53:50.902140-07:00,2,407,60.0,12.918555,2.24,28.9152,33.0625,0.023761111,0.395605333,1.425667,23.73632,672.148044444,8767.102293333
2026-09-09T18:54:50.952235-07:00,2,408,60.0,12.918359,0.16,9.3184,33.1016,0.020333333,0.336440889,1.22,20.186453,672.168377778,8767.438734222
2026-09-09T18:55:50.849793-07:00,2,409,60.0,12.918164,0.976,12.5952,33.1406,0.014987778,0.294229333,0.899267,17.65376,672.183365556,8767.732963556
2026-09-09T18:56:50.854148-07:00,2,410,60.0,12.917773,-0.304,8.128,33.1406,0.009867778,0.263793778,0.592067,15.827627,672.193233333,8767.996757333
2026-09-09T18:57:50.857240-07:00,2,411,60.0,12.917383,2.668,37.7216,33.1016,0.006283333,0.228693333,0.377,13.7216,672.199516667,8768.225450667
2026-09-09T18:58:50.860748-07:00,2,412,60.0,12.916992,0.148,11.2896,33.1094,0.003705556,0.203264,0.222333,12.19584,672.203222222,8768.428714667
2026-09-09T18:59:50.865390-07:00,2,413,60.0,12.916602,0.196,6.9376,33.1563,0.000375556,0.181191111,0.022533,10.871467,672.203597778,8768.609905778
2026-09-09T19:00:50.870163-07:00,2,414,60.0,12.916602,-0.572,7.36,33.1953,-0.002632222,0.163612444,-0.157933,9.816747,672.200965556,8768.773518222
2026-09-09T19:01:50.874831-07:00,2,415,60.0,12.916016,-0.62,8.0,33.1953,-0.005348889,0.151608889,-0.320933,9.096533,672.195616667,8768.925127111
2026-09-09T19:02:50.879253-07:00,2,416,60.0,12.915625,-0.724,9.3312,33.2188,-0.007777778,0.141312,-0.466667,8.47872,672.187838889,8769.066439111
2026-09-09T19:03:50.884819-07:00,2,417,60.0,12.91543,-0.672,8.6784,33.2188,-0.009511111,0.135395556,-0.570667,8.123733,672.178327778,8769.201834667
2026-09-09T19:04:50.890506-07:00,2,418,60.0,12.915039,-0.604,7.7696,33.125,-0.010367778,0.130332444,-0.622067,7.819947,672.16796,8769.332167111
2026-09-09T19:05:50.895697-07:00,2,419,60.0,12.914648,-0.604,7.808,33.1797,-0.010222222,0.128455111,-0.613333,7.707307,672.157737778,8769.460622222
2026-09-09T19:06:50.901215-07:00,2,420,60.0,12.914648,-0.596,7.68,33.2188,-0.009984444,0.125383111,-0.599067,7.522987,672.147753333,8769.586005333
2026-09-09T19:07:50.906855-07:00,2,421,60.0,12.914063,-0.592,7.6544,33.1484,-0.009926667,0.124643556,-0.5956,7.478613,672.137826667,8769.710648889
2026-09-09T19:08:50.905588-07:00,2,422,60.0,12.913867,-0.576,7.424,33.1875,-0.009954444,0.124984889,-0.597267,7.499093,672.127872222,8769.835633778
2026-09-09T19:09:50.913190-07:00,2,423,60.0,12.913672,-0.576,7.4496,33.125,-0.009968889,0.125212444,-0.598133,7.512747,672.117903333,8769.960846222
2026-09-09T19:10:56.657034-07:00,2,424,60.0,12.913281,-0.612,7.8848,33.1484,-0.00999,0.12544,-0.5994,7.5264,672.107913333,8770.086286222
2026-09-09T19:12:16.733901-07:00,2,425,60.0,12.913086,-0.58,7.5136,33.1406,-0.00996,0.125041778,-0.5976,7.502507,672.097953333,8770.211328
2026-09-09T19:13:27.589632-07:00,2,426,60.0,12.912891,-0.624,8.064,33.0391,-0.009976667,0.125326222,-0.5986,7.519573,672.087976667,8770.336654222
2026-09-09T19:14:38.996241-07:00,2,427,60.0,12.912891,-0.58,7.5136,33.0859,-0.009958889,0.125098667,-0.597533,7.50592,672.078017778,8770.461752889
2026-09-09T19:15:56.891959-07:00,2,428,60.0,12.912305,-0.608,7.8592,33.1406,-0.009938889,0.124814222,-0.596333,7.488853,672.068078889,8770.586567111
2026-09-09T19:16:53.870890-07:00,2,429,60.0,12.9125,-0.596,7.6672,33.0859,-0.009962222,0.125098667,-0.597733,7.50592,672.058116667,8770.711665778
2026-09-09T19:17:00.122710-07:00,2,430,60.0,12.912109,-0.604,7.7952,33.1484,-0.009948889,0.124928,-0.596933,7.49568,672.048167778,8770.836593778
2026-09-09T19:17:50.949801-07:00,2,431,60.0,12.911914,-0.572,7.3984,33.1484,-0.009953333,0.124984889,-0.5972,7.499093,672.038214444,8770.961578667
2026-09-09T19:18:50.951802-07:00,2,432,60.0,12.911523,-0.588,7.5776,33.1406,-0.009966667,0.125155556,-0.598,7.509333,672.028247778,8771.086734222
2026-09-09T19:19:50.954917-07:00,2,433,60.0,12.911328,-0.588,7.6032,32.9688,-0.009992222,0.125496889,-0.599533,7.529813,672.018255556,8771.212231111
2026-09-09T19:20:50.959753-07:00,2,434,60.0,12.911133,-0.604,7.7952,32.7031,-0.010041111,0.126122667,-0.602467,7.56736,672.008214444,8771.338353778
2026-09-09T19:21:50.963992-07:00,2,435,60.0,12.910547,-0.6,8.3968,32.5938,-0.010057778,0.126350222,-0.603467,7.581013,671.998156667,8771.464704
2026-09-09T19:22:50.969286-07:00,2,436,60.0,12.910547,-0.616,7.9488,32.4922,-0.010041111,0.126122667,-0.602467,7.56736,671.988115556,8771.590826667
2026-09-09T19:23:50.972972-07:00,2,437,60.0,12.910352,-0.58,7.5008,32.4531,-0.010013333,0.125781333,-0.6008,7.54688,671.978102222,8771.716608
2026-09-09T19:24:50.977901-07:00,2,438,60.0,12.910352,-0.58,7.4752,32.4375,-0.010021111,0.125838222,-0.601267,7.550293,671.968081111,8771.842446222
2026-09-09T19:25:50.982232-07:00,2,439,60.0,12.909961,-0.584,7.5264,32.3672,-0.010036667,0.126065778,-0.6022,7.563947,671.958044444,8771.968512
2026-09-09T19:26:50.980288-07:00,2,440,60.0,12.90957,-0.6,7.744,32.3203,-0.010037778,0.126065778,-0.602267,7.563947,671.948006667,8772.094577778
2026-09-09T19:27:50.978837-07:00,2,441,60.0,12.90918,-0.612,7.8976,32.2969,-0.010037778,0.126065778,-0.602267,7.563947,671.937968889,8772.220643556
2026-09-09T19:28:50.983065-07:00,2,442,60.0,12.90918,-0.608,7.872,32.4219,-0.010032222,0.126008889,-0.601933,7.560533,671.927936667,8772.346652444
2026-09-09T19:29:51.000187-07:00,2,443,60.0,12.90918,-0.588,7.5776,32.5469,-0.009988889,0.12544,-0.599333,7.5264,671.917947778,8772.472092444
2026-09-09T19:30:51.046157-07:00,2,444,60.0,12.90918,-0.608,7.872,32.6328,-0.01,0.125610667,-0.6,7.53664,671.907947778,8772.597703111
2026-09-09T19:31:51.065305-07:00,2,445,60.0,12.908789,-0.592,7.6416,32.6875,-0.010046667,0.126179556,-0.6028,7.570773,671.897901111,8772.723882667
2026-09-09T19:32:51.101745-07:00,2,446,60.0,12.908398,-0.6,7.7184,32.7266,-0.010013333,0.125781333,-0.6008,7.54688,671.887887778,8772.849664
2026-09-09T19:33:51.002150-07:00,2,447,60.0,12.908203,-0.608,7.8464,32.7422,-0.010032222,0.126008889,-0.601933,7.560533,671.877855556,8772.975672889
2026-09-09T19:34:51.006461-07:00,2,448,60.0,12.908203,-0.604,7.7952,32.7656,-0.010014444,0.125781333,-0.600867,7.54688,671.867841111,8773.101454222
2026-09-09T19:35:51.010597-07:00,2,449,60.0,12.908008,-0.592,7.6416,32.7969,-0.010015556,0.125781333,-0.600933,7.54688,671.857825556,8773.227235556
2026-09-09T19:36:51.014861-07:00,2,450,60.0,12.907813,-0.596,7.68,32.7813,-0.010011111,0.125724444,-0.600667,7.543467,671.847814444,8773.35296
2026-09-09T19:37:51.020101-07:00,2,451,60.0,12.907422,-0.596,7.6928,32.7969,-0.009994444,0.125496889,-0.599667,7.529813,671.83782,8773.478456889
2026-09-09T19:38:51.023367-07:00,2,452,60.0,12.907227,-0.584,7.5136,32.8203,-0.010015556,0.125838222,-0.600933,7.550293,671.827804444,8773.604295111
2026-09-09T19:39:51.029668-07:00,2,453,60.0,12.907227,-0.596,7.7056,32.8281,-0.010036667,0.126065778,-0.6022,7.563947,671.817767778,8773.730360889
2026-09-09T19:40:51.031755-07:00,2,454,60.0,12.907031,-0.616,7.9232,32.8281,-0.010027778,0.125895111,-0.601667,7.553707,671.80774,8773.856256
2026-09-09T19:41:51.035149-07:00,2,455,60.0,12.907031,-0.616,7.9616,32.8359,-0.010012222,0.125724444,-0.600733,7.543467,671.797727778,8773.981980444
2026-09-09T19:42:51.039550-07:00,2,456,60.0,12.906445,-0.576,7.4112,32.8203,-0.01002,0.125838222,-0.6012,7.550293,671.787707778,8774.107818667
2026-09-09T19:43:51.045636-07:00,2,457,60.0,12.906445,-0.596,7.6672,32.8047,-0.010028889,0.125952,-0.601733,7.55712,671.777678889,8774.233770667
2026-09-09T19:44:51.049764-07:00,2,458,60.0,12.906445,-0.6,7.7184,32.8203,-0.010045556,0.126179556,-0.602733,7.570773,671.767633333,8774.359950222
2026-09-09T19:45:51.053310-07:00,2,459,60.0,12.90625,-0.636,8.1792,32.8203,-0.010027778,0.125895111,-0.601667,7.553707,671.757605556,8774.485845333
2026-09-09T19:46:51.057050-07:00,2,460,60.0,12.905859,-0.596,7.68,32.7891,-0.010037778,0.126065778,-0.602267,7.563947,671.747567778,8774.611911111
2026-09-09T19:47:51.059652-07:00,2,461,60.0,12.905469,-0.596,7.6672,32.7734,-0.010038889,0.126065778,-0.602333,7.563947,671.737528889,8774.737976889
2026-09-09T19:48:51.063587-07:00,2,462,60.0,12.905664,-0.616,7.936,32.7891,-0.01009,0.126748444,-0.6054,7.604907,671.727438889,8774.864725333
2026-09-09T19:49:51.067909-07:00,2,463,60.0,12.905273,-0.608,7.8208,32.7891,-0.01012,0.127146667,-0.6072,7.6288,671.717318889,8774.991872
2026-09-09T19:50:51.072237-07:00,2,464,60.0,12.905078,-0.604,7.7824,32.7578,-0.010142222,0.127431111,-0.608533,7.645867,671.707176667,8775.119303111
2026-09-09T19:51:51.076452-07:00,2,465,60.0,12.904883,-0.6,7.7184,32.7578,-0.010178889,0.127886222,-0.610733,7.673173,671.696997778,8775.247189333
2026-09-09T19:52:51.080942-07:00,2,466,60.0,12.904688,-0.624,8.0512,32.7266,-0.010208889,0.128284444,-0.612533,7.697067,671.686788889,8775.375473778
2026-09-09T19:53:51.084908-07:00,2,467,60.0,12.904492,-0.616,7.9616,32.7344,-0.010204444,0.128227556,-0.612267,7.693653,671.676584444,8775.503701333
2026-09-09T19:54:58.492356-07:00,2,468,60.0,12.904297,-0.6,7.7312,32.7422,-0.010206667,0.128284444,-0.6124,7.697067,671.666377778,8775.631985778
2026-09-09T19:56:13.960874-07:00,2,469,60.0,12.904297,-0.616,7.9616,32.75,-0.010235556,0.128625778,-0.614133,7.717547,671.656142222,8775.760611556
2026-09-09T19:57:26.656409-07:00,2,470,60.0,12.904102,-0.616,7.9488,32.75,-0.010221111,0.128455111,-0.613267,7.707307,671.645921111,8775.889066667
2026-09-09T19:58:33.841099-07:00,2,471,60.0,12.903906,-0.62,8.0,32.7422,-0.010244444,0.128739556,-0.614667,7.724373,671.635676667,8776.017806222
2026-09-09T19:59:45.106408-07:00,2,472,60.0,12.903516,-0.596,7.6672,32.7422,-0.010236667,0.128625778,-0.6142,7.717547,671.62544,8776.146432
2026-09-09T20:00:59.626566-07:00,2,473,60.0,12.903711,-0.604,7.808,32.75,-0.010251111,0.128796444,-0.615067,7.727787,671.615188889,8776.275228444
2026-09-09T20:02:12.852301-07:00,2,474,60.0,12.90332,-0.612,7.9104,32.7188,-0.010255556,0.128853333,-0.615333,7.7312,671.604933333,8776.404081778
2026-09-09T20:03:15.058260-07:00,2,475,60.0,12.903125,-0.636,8.2176,32.7031,-0.010224444,0.128512,-0.613467,7.71072,671.594708889,8776.532593778
2026-09-09T20:04:19.878107-07:00,2,476,60.0,12.903125,-0.62,8.0,32.7031,-0.010241111,0.128682667,-0.614467,7.72096,671.584467778,8776.661276444
2026-09-09T20:05:30.337029-07:00,2,477,60.0,12.902734,-0.604,7.7696,32.7031,-0.010242222,0.128682667,-0.614533,7.72096,671.574225556,8776.789959111
2026-09-09T20:06:36.142791-07:00,2,478,60.0,12.902539,-0.656,8.4608,32.7188,-0.010276667,0.129137778,-0.6166,7.748267,671.563948889,8776.919096889
2026-09-09T20:07:37.688595-07:00,2,479,60.0,12.902344,-0.632,8.128,32.7031,-0.010254444,0.128853333,-0.615267,7.7312,671.553694444,8777.047950222
2026-09-09T20:08:42.663715-07:00,2,480,60.0,12.902344,-0.632,8.1536,32.6797,-0.010228889,0.128512,-0.613733,7.71072,671.543465556,8777.176462222
2026-09-09T20:09:45.855695-07:00,2,481,60.0,12.902148,-0.604,7.808,32.6719,-0.010254444,0.128853333,-0.615267,7.7312,671.533211111,8777.305315556
2026-09-09T20:10:57.924614-07:00,2,482,60.0,12.901953,-0.604,7.7824,32.6641,-0.010247778,0.128739556,-0.614867,7.724373,671.522963333,8777.434055111
2026-09-09T20:12:04.928941-07:00,2,483,60.0,12.901563,-0.624,8.0512,32.6406,-0.01027,0.129080889,-0.6162,7.744853,671.512693333,8777.563136
2026-09-09T20:13:08.528027-07:00,2,484,60.0,12.901758,-0.624,8.0512,32.625,-0.010225556,0.128512,-0.613533,7.71072,671.502467778,8777.691648
2026-09-09T20:14:16.386411-07:00,2,485,60.006,12.901172,-0.624,8.0384,32.625,-0.010244444,0.128739556,-0.614605,7.723601,671.492223333,8777.820387556
2026-09-09T20:15:24.025045-07:00,2,486,60.0,12.901367,-0.6,7.7312,32.6172,-0.010257778,0.128910222,-0.615467,7.734613,671.481965556,8777.949297778
2026-09-09T20:16:41.610626-07:00,2,487,60.0,12.900977,-0.58,7.4752,32.5938,-0.010266667,0.129024,-0.616,7.74144,671.471698889,8778.078321778
2026-09-09T20:17:55.340127-07:00,2,488,60.0,12.900977,-0.612,7.872,32.5625,-0.010264444,0.129024,-0.615867,7.74144,671.461434444,8778.207345778
2026-09-09T20:19:00.406881-07:00,2,489,60.0,12.900781,-0.608,7.8208,32.5625,-0.010273333,0.129080889,-0.6164,7.744853,671.451161111,8778.336426667
2026-09-09T20:20:11.550117-07:00,2,490,60.0,12.900586,-0.612,7.8976,32.5703,-0.010254444,0.128853333,-0.615267,7.7312,671.440906667,8778.46528
2026-09-09T20:21:26.061222-07:00,2,491,60.0,12.900586,-0.616,7.936,32.5469,-0.010221111,0.128455111,-0.613267,7.707307,671.430685556,8778.593735111
2026-09-09T20:22:45.192530-07:00,2,492,60.0,12.900586,-0.64,8.2304,32.5234,-0.010306667,0.129536,-0.6184,7.77216,671.420378889,8778.723271111
2026-09-09T20:23:56.999283-07:00,2,493,60.0,12.900195,-0.62,7.9744,32.5234,-0.010262222,0.128967111,-0.615733,7.738027,671.410116667,8778.852238222
2026-09-09T20:25:10.581967-07:00,2,494,60.0,12.900195,-0.608,7.8336,32.5078,-0.01023,0.128512,-0.6138,7.71072,671.399886667,8778.980750222
2026-09-09T20:26:26.190300-07:00,2,495,60.0,12.899609,-0.604,7.7952,32.4922,-0.010247778,0.128739556,-0.614867,7.724373,671.389638889,8779.109489778
2026-09-09T20:27:42.415697-07:00,2,496,60.0,12.899805,-0.644,8.2816,32.4688,-0.010247778,0.128796444,-0.614867,7.727787,671.379391111,8779.238286222
2026-09-09T20:29:05.501131-07:00,2,497,60.0,12.899414,-0.604,7.7952,32.4688,-0.01023,0.128512,-0.6138,7.71072,671.369161111,8779.366798222
2026-09-09T20:30:55.256373-07:00,2,498,60.0,12.899609,-0.632,8.128,32.4688,-0.010271111,0.129080889,-0.616267,7.744853,671.35889,8779.495879111
2026-09-09T20:33:19.186253-07:00,2,499,60.0,12.899219,-0.632,8.1408,32.4688,-0.010245556,0.128739556,-0.614733,7.724373,671.348644444,8779.624618667
2026-09-09T20:34:08.775353-07:00,2,500,60.0,12.898828,-0.584,7.5392,32.4453,-0.01023,0.128568889,-0.6138,7.714133,671.338414444,8779.753187556
2026-09-09T20:34:52.516531-07:00,2,501,60.0,12.898828,-0.616,7.936,32.4453,-0.010264444,0.128967111,-0.615867,7.738027,671.32815,8779.882154667
2026-09-09T20:35:35.231588-07:00,2,502,60.0,12.898828,-0.632,8.128,32.4453,-0.010267778,0.129080889,-0.616067,7.744853,671.317882222,8780.011235556
2026-09-09T20:36:23.074390-07:00,2,503,60.0,12.898633,-0.632,8.128,32.4531,-0.010237778,0.128625778,-0.614267,7.717547,671.307644444,8780.139861333
2026-09-09T20:37:12.739082-07:00,2,504,60.0,12.898242,-0.584,7.5264,32.4531,-0.010255556,0.128853333,-0.615333,7.7312,671.297388889,8780.268714667
2026-09-09T20:37:54.206889-07:00,2,505,60.0,12.898242,-0.644,8.2816,32.4297,-0.010234444,0.128568889,-0.614067,7.714133,671.287154444,8780.397283556
2026-09-09T20:38:34.199981-07:00,2,506,60.0,12.898047,-0.62,7.9872,32.4219,-0.010292222,0.129365333,-0.617533,7.76192,671.276862222,8780.526648889
2026-09-09T20:39:17.938989-07:00,2,507,60.0,12.898242,-0.644,8.3072,32.3828,-0.010265556,0.129024,-0.615933,7.74144,671.266596667,8780.655672889
2026-09-09T20:40:00.557808-07:00,2,508,60.0,12.897852,-0.624,8.0256,32.3672,-0.010273333,0.129137778,-0.6164,7.748267,671.256323333,8780.784810667
2026-09-09T20:40:44.471008-07:00,2,509,60.0,12.897656,-0.576,7.424,32.3672,-0.010283333,0.129251556,-0.617,7.755093,671.24604,8780.914062222
2026-09-09T20:41:32.744982-07:00,2,510,60.0,12.897656,-0.6,7.7184,32.3672,-0.010263333,0.128967111,-0.6158,7.738027,671.235776667,8781.043029333
2026-09-09T20:42:11.669360-07:00,2,511,60.0,12.897656,-0.64,8.2688,32.3516,-0.010263333,0.128967111,-0.6158,7.738027,671.225513333,8781.171996444
2026-09-09T20:42:57.423342-07:00,2,512,60.0,12.89707,-0.652,8.4096,32.3438,-0.010265556,0.128967111,-0.615933,7.738027,671.215247778,8781.300963556
2026-09-09T20:43:40.559669-07:00,2,513,60.0,12.897266,-0.608,7.808,32.3359,-0.010243333,0.128739556,-0.6146,7.724373,671.205004444,8781.429703111
2026-09-09T20:44:21.157278-07:00,2,514,60.0,12.89707,-0.632,8.128,32.3203,-0.010301111,0.129422222,-0.618067,7.765333,671.194703333,8781.559125333
2026-09-09T20:45:05.538832-07:00,2,515,60.0,12.89707,-0.636,8.1792,32.3047,-0.010262222,0.128967111,-0.615733,7.738027,671.184441111,8781.688092444
2026-09-09T20:45:49.320079-07:00,2,516,60.0,12.896484,-0.62,7.9872,32.2813,-0.010281111,0.129194667,-0.616867,7.75168,671.17416,8781.817287111
2026-09-09T20:46:30.944690-07:00,2,517,60.0,12.89668,-0.624,8.0384,32.2422,-0.010251111,0.128796444,-0.615067,7.727787,671.163908889,8781.946083556
2026-09-09T20:47:16.107260-07:00,2,518,60.0,12.896484,-0.62,7.9744,32.2422,-0.010267778,0.129024,-0.616067,7.74144,671.153641111,8782.075107556
2026-09-09T20:48:10.571421-07:00,2,519,60.0,12.896289,-0.608,7.8336,32.2344,-0.010232222,0.128568889,-0.613933,7.714133,671.143408889,8782.203676444
2026-09-09T20:48:53.430785-07:00,2,520,60.0,12.896094,-0.62,8.0128,32.2031,-0.010267778,0.129024,-0.616067,7.74144,671.133141111,8782.332700444
2026-09-09T20:49:37.343962-07:00,2,521,60.0,12.896094,-0.612,7.872,32.1641,-0.010288889,0.129251556,-0.617333,7.755093,671.122852222,8782.461952
2026-09-09T20:50:21.420001-07:00,2,522,60.0,12.896094,-0.6,7.7312,32.1328,-0.010238889,0.128625778,-0.614333,7.717547,671.112613333,8782.590577778
2026-09-09T20:51:07.115083-07:00,2,523,60.0,12.895703,-0.6,7.7312,32.1172,-0.010255556,0.128796444,-0.615333,7.727787,671.102357778,8782.719374222
2026-09-09T20:51:47.770722-07:00,2,524,60.0,12.895508,-0.656,8.448,32.1094,-0.010262222,0.128910222,-0.615733,7.734613,671.092095556,8782.848284444
2026-09-09T20:52:31.275904-07:00,2,525,60.0,12.895508,-0.612,7.8976,32.1016,-0.010251111,0.128682667,-0.615067,7.72096,671.081844444,8782.976967111
2026-09-09T20:53:15.573693-07:00,2,526,60.0,12.895117,-0.62,7.9744,32.0781,-0.010258889,0.128796444,-0.615533,7.727787,671.071585556,8783.105763556
2026-09-09T20:53:58.009296-07:00,2,527,60.0,12.895313,-0.616,7.936,32.0547,-0.010263333,0.128853333,-0.6158,7.7312,671.061322222,8783.234616889
2026-09-09T20:54:51.358835-07:00,2,528,60.0,12.895117,-0.596,7.68,32.0234,-0.010247778,0.128682667,-0.614867,7.72096,671.051074444,8783.363299556
2026-09-09T20:55:51.357350-07:00,2,529,60.0,12.894727,-0.632,8.1408,31.9922,-0.010266667,0.128853333,-0.616,7.7312,671.040807778,8783.492152889
2026-09-09T20:56:51.362419-07:00,2,530,60.0,12.894727,-0.628,8.0896,31.9453,-0.010238889,0.128512,-0.614333,7.71072,671.030568889,8783.620664889
2026-09-09T20:57:51.367072-07:00,2,531,60.0,12.894531,-0.612,7.8976,31.9063,-0.010274444,0.128910222,-0.616467,7.734613,671.020294444,8783.749575111
2026-09-09T20:58:51.373343-07:00,2,532,60.0,12.894336,-0.624,8.0384,31.875,-0.010242222,0.128455111,-0.614533,7.707307,671.010052222,8783.878030222
2026-09-09T20:59:51.376914-07:00,2,533,60.0,12.894531,-0.612,7.8848,31.8516,-0.010266667,0.128796444,-0.616,7.727787,670.999785556,8784.006826667
2026-09-09T21:00:51.400826-07:00,2,534,60.0,12.894336,-0.62,8.0,31.8438,-0.010256667,0.128682667,-0.6154,7.72096,670.989528889,8784.135509333
2026-09-09T21:01:51.395791-07:00,2,535,60.0,12.893945,-0.592,7.6416,31.8203,-0.010216667,0.128113778,-0.613,7.686827,670.979312222,8784.263623111
2026-09-09T21:02:51.412574-07:00,2,536,60.0,12.893945,-0.636,8.2048,31.7969,-0.010246667,0.128455111,-0.6148,7.707307,670.969065556,8784.392078222
2026-09-09T21:03:51.389952-07:00,2,537,60.0,12.89375,-0.612,7.8848,31.7969,-0.010255556,0.128568889,-0.615333,7.714133,670.95881,8784.520647111
2026-09-09T21:04:51.422087-07:00,2,538,60.0,12.89375,-0.62,7.9872,31.7734,-0.010251111,0.128512,-0.615067,7.71072,670.948558889,8784.649159111
2026-09-09T21:05:51.451476-07:00,2,539,60.0,12.893555,-0.62,7.9616,31.7578,-0.010221111,0.128113778,-0.613267,7.686827,670.938337778,8784.777272889
2026-09-09T21:06:51.513784-07:00,2,540,60.0,12.893555,-0.604,7.7696,31.7266,-0.010254444,0.128568889,-0.615267,7.714133,670.928083333,8784.905841778
2026-09-09T21:07:52.614535-07:00,2,541,60.0,12.893359,-0.62,7.9872,31.7031,-0.010251111,0.128455111,-0.615067,7.707307,670.917832222,8785.034296889
2026-09-09T21:08:51.759592-07:00,2,542,60.0,12.892969,-0.632,8.128,31.6953,-0.010236667,0.128284444,-0.6142,7.697067,670.907595556,8785.162581333
2026-09-09T21:09:51.802710-07:00,2,543,60.0,12.892969,-0.648,8.3456,31.6953,-0.01025,0.128455111,-0.615,7.707307,670.897345556,8785.291036444
2026-09-09T21:10:51.661573-07:00,2,544,60.0,12.892969,-0.604,7.808,31.6797,-0.010254444,0.128512,-0.615267,7.71072,670.887091111,8785.419548444
2026-09-09T21:11:51.421758-07:00,2,545,60.0,12.892578,-0.636,8.1792,31.6563,-0.010245556,0.128398222,-0.614733,7.703893,670.876845556,8785.547946667
2026-09-09T21:12:51.592078-07:00,2,546,60.0,12.892578,-0.612,7.9104,31.6406,-0.010265556,0.128682667,-0.615933,7.72096,670.86658,8785.676629333
2026-09-09T21:13:51.781206-07:00,2,547,60.0,12.892188,-0.584,7.5392,31.6172,-0.010268889,0.128739556,-0.616133,7.724373,670.856311111,8785.805368889
2026-09-09T21:14:52.498491-07:00,2,548,60.0,12.892383,-0.604,7.7952,31.5938,-0.010284444,0.128910222,-0.617067,7.734613,670.846026667,8785.934279111
2026-09-09T21:15:51.748971-07:00,2,549,60.0,12.892188,-0.632,8.128,31.5781,-0.010268889,0.128682667,-0.616133,7.72096,670.835757778,8786.062961778
2026-09-09T21:16:51.807611-07:00,2,550,60.0,12.891992,-0.608,7.8464,31.5625,-0.010243333,0.128341333,-0.6146,7.70048,670.825514444,8786.191303111
2026-09-09T21:17:52.054416-07:00,2,551,60.0,12.891992,-0.616,7.9488,31.5391,-0.010242222,0.128341333,-0.614533,7.70048,670.815272222,8786.319644444
2026-09-09T21:18:52.015435-07:00,2,552,60.0,12.892188,-0.608,7.8336,31.5234,-0.010246667,0.128398222,-0.6148,7.703893,670.805025556,8786.448042667
2026-09-09T21:19:51.898124-07:00,2,553,60.0,12.891797,-0.612,7.8848,31.4922,-0.010257778,0.128568889,-0.615467,7.714133,670.794767778,8786.576611556
2026-09-09T21:20:52.008936-07:00,2,554,60.0,12.891602,-0.656,8.448,31.5078,-0.010237778,0.128284444,-0.614267,7.697067,670.78453,8786.704896
2026-09-09T21:21:51.989132-07:00,2,555,60.0,12.891406,-0.6,7.7184,31.4844,-0.010261111,0.128568889,-0.615667,7.714133,670.774268889,8786.833464889
2026-09-09T21:22:52.006554-07:00,2,556,60.0,12.891211,-0.608,7.8336,31.4688,-0.010243333,0.128398222,-0.6146,7.703893,670.764025556,8786.961863111
2026-09-09T21:23:51.917661-07:00,2,557,60.0,12.891211,-0.62,8.0,31.4609,-0.010251111,0.128455111,-0.615067,7.707307,670.753774444,8787.090318222
2026-09-09T21:24:52.083432-07:00,2,558,60.0,12.89082,-0.612,7.9104,31.4453,-0.01024,0.128341333,-0.6144,7.70048,670.743534444,8787.218659556
2026-09-09T21:25:54.571098-07:00,2,559,60.0,12.891016,-0.596,7.6928,31.4219,-0.01025,0.128455111,-0.615,7.707307,670.733284444,8787.347114667
2026-09-09T21:26:51.963284-07:00,2,560,60.0,12.891016,-0.596,7.6928,31.3984,-0.01026,0.128568889,-0.6156,7.714133,670.723024444,8787.475683556
2026-09-09T21:27:52.164421-07:00,2,561,60.0,12.890625,-0.632,8.1664,31.3672,-0.01024,0.128341333,-0.6144,7.70048,670.712784444,8787.604024889
2026-09-10T08:25:23.211195-07:00,2,1073,60.0,12.871484,19.648,252.8768,25.75,0.331892222,4.268373333,19.913533,256.1024,668.903255556,8927.252650667
2026-09-10T08:26:23.214524-07:00,2,1074,60.0,12.866406,1.636,25.7152,25.75,0.097411111,1.367893333,5.844667,82.0736,669.000666667,8928.620544
2026-09-10T08:27:23.219235-07:00,2,1075,60.0,12.870117,29.088,374.3744,25.75,0.141016667,1.92256,8.461,115.3536,669.141683333,8930.543104
2026-09-10T08:28:23.226119-07:00,2,1076,60.0,12.874609,28.472,366.8096,25.7422,0.482971111,6.213688889,28.978267,372.821333,669.624654444,8936.756792889
2026-09-10T08:29:23.227933-07:00,2,1077,60.0,12.877148,30.628,394.3936,25.7422,0.492108889,6.333155556,29.526533,379.989333,670.116763333,8943.089948444
2026-09-10T08:30:23.232782-07:00,2,1078,60.0,12.878906,29.724,382.7968,25.75,0.504212222,6.490055111,30.252733,389.403307,670.620975556,8949.580003556
2026-09-10T08:31:23.237007-07:00,2,1079,60.0,12.880469,30.652,394.8288,25.75,0.504483333,6.494378667,30.269,389.66272,671.125458889,8956.074382222
2026-09-10T08:32:23.240798-07:00,2,1080,60.0,12.882031,30.636,394.624,25.75,0.507311111,6.531697778,30.438667,391.901867,671.63277,8962.60608
2026-09-10T08:33:23.245657-07:00,2,1081,60.0,12.883008,29.784,383.68,25.7578,0.507642222,6.536419556,30.458533,392.185173,672.140412222,8969.142499556
2026-09-10T08:34:23.249923-07:00,2,1082,60.0,12.884375,31.896,410.944,25.7813,0.512864444,6.604401778,30.771867,396.264107,672.653276667,8975.746901333
2026-09-10T08:35:23.249549-07:00,2,1083,60.0,12.885352,31.724,408.96,25.7891,0.52991,6.824675556,31.7946,409.480533,673.183186667,8982.571576889
2026-09-10T08:36:23.246615-07:00,2,1084,60.0,12.887305,32.3,416.4352,25.8906,0.543931111,7.006037333,32.635867,420.36224,673.727117778,8989.577614222
2026-09-10T08:37:23.250504-07:00,2,1085,60.0,12.888477,33.836,436.096,25.9766,0.553054444,7.12448,33.183267,427.4688,674.280172222,8996.702094222
2026-09-10T08:38:23.254508-07:00,2,1086,60.0,12.889453,33.632,433.4848,26.0469,0.556955556,7.175395556,33.417333,430.523733,674.837127778,9003.877489778
2026-09-10T08:39:23.301905-07:00,2,1087,60.0,12.89043,33.008,425.4592,26.1016,0.559274444,7.205888,33.556467,432.35328,675.396402222,9011.083377778
2026-09-10T08:40:23.325425-07:00,2,1088,60.0,12.891797,35.324,455.3984,26.1641,0.568552222,7.326094222,34.113133,439.565653,675.964954444,9018.409472
2026-09-10T08:41:23.354287-07:00,2,1089,60.0,12.893359,35.912,463.0144,26.2109,0.593182222,7.644444444,35.590933,458.666667,676.558136667,9026.053916444
2026-09-10T08:42:23.386162-07:00,2,1090,60.001,12.895117,38.036,490.496,26.25,0.619486667,7.985095111,37.168581,479.097722,677.177623333,9034.039011556
2026-09-10T08:43:23.280904-07:00,2,1091,60.0,12.89668,38.772,500.0064,26.2578,0.635138889,8.187448889,38.108333,491.246933,677.812762222,9042.226460444
2026-09-10T08:44:23.280061-07:00,2,1092,60.0,12.897852,38.764,499.9552,26.2813,0.647721111,8.350663111,38.863267,501.039787,678.460483333,9050.577123556
2026-09-10T08:45:23.285966-07:00,2,1093,60.0,12.899414,40.016,516.1984,26.3203,0.660881111,8.521386667,39.652867,511.2832,679.121364444,9059.098510222
2026-09-10T08:46:23.288026-07:00,2,1094,60.0,12.900977,41.3,532.9664,26.3672,0.673637778,8.686364444,40.418267,521.181867,679.795002222,9067.784874667
2026-09-10T08:47:23.292942-07:00,2,1095,60.0,12.902539,42.4,547.072,26.4453,0.695966667,8.975701333,41.758,538.54208,680.490968889,9076.760576
2026-09-10T08:48:23.297657-07:00,2,1096,60.0,12.904102,42.792,552.192,26.5234,0.71751,9.254570667,43.0506,555.27424,681.208478889,9086.015146667
2026-09-10T08:49:23.300671-07:00,2,1097,60.0,12.906055,44.964,580.3008,26.6406,0.731122222,9.431779556,43.867333,565.906773,681.939601111,9095.446926222
2026-09-10T08:50:23.304179-07:00,2,1098,60.0,12.907617,45.912,592.6144,26.6719,0.75076,9.686584889,45.0456,581.195093,682.690361111,9105.133511111
2026-09-10T08:51:23.309939-07:00,2,1099,60.0,12.908984,45.52,587.6352,26.6953,0.763492222,9.852245333,45.809533,591.13472,683.453853333,9114.985756444
2026-09-10T08:52:23.312487-07:00,2,1100,60.0,12.904102,14.756,190.4,26.7109,0.644118889,8.311978667,38.647133,498.71872,684.097972222,9123.297735111
2026-09-10T08:53:23.317166-07:00,2,1101,60.0,12.908398,50.764,655.2704,26.75,0.551773333,7.117653333,33.1064,427.0592,684.649745556,9130.415388444
2026-09-10T08:54:23.320540-07:00,2,1102,60.0,12.9125,51.012,658.6752,26.8125,0.838784444,10.826183111,50.327067,649.570987,685.48853,9141.241571556
2026-09-10T08:55:23.325316-07:00,2,1103,60.0,12.915234,51.536,665.6,26.8516,0.854742222,11.035420444,51.284533,662.125227,686.343272222,9152.276992
2026-09-10T08:56:23.328513-07:00,2,1104,60.0,12.909961,-0.6,7.744,26.9141,0.767574444,9.929784889,46.054467,595.787093,687.110846667,9162.206776889
2026-09-10T08:57:23.334467-07:00,2,1105,60.0,12.916602,48.992,633.0496,26.9453,0.826144444,10.674915556,49.568667,640.494933,687.936991111,9172.881692444
2026-09-10T08:58:23.338215-07:00,2,1106,60.0,12.918555,53.452,690.5088,26.9922,0.831715556,10.740394667,49.902933,644.42368,688.768706667,9183.622087111
2026-09-10T08:59:23.341935-07:00,2,1107,60.0,12.920508,53.64,693.0304,27.0234,0.891463333,11.514083556,53.4878,690.845013,689.66017,9195.136170667
2026-09-10T09:00:23.345515-07:00,2,1108,60.0,12.917773,49.536,639.8976,27.0391,0.69234,8.940657778,41.5404,536.439467,690.35251,9204.076828444
2026-09-10T09:01:23.352385-07:00,2,1109,60.0,12.922461,55.512,717.312,27.0859,0.892936667,11.533539556,53.5762,692.012373,691.245446667,9215.610368
2026-09-10T09:02:23.351718-07:00,2,1110,60.0,12.924219,54.176,700.16,27.1016,0.887342222,11.464305778,53.240533,687.858347,692.132788889,9227.074673778
2026-09-10T09:03:23.355845-07:00,2,1111,60.0,12.926172,54.54,704.9728,27.1094,0.90908,11.746929778,54.5448,704.815787,693.041868889,9238.821603556
2026-09-10T09:04:23.359040-07:00,2,1112,60.0,12.920898,50.32,650.1632,27.0938,0.613558889,7.926499556,36.813533,475.589973,693.655427778,9246.748103111
2026-09-10T09:05:23.361581-07:00,2,1113,60.0,12.926758,54.704,707.1616,27.0781,0.906951111,11.719224889,54.417067,703.153493,694.562378889,9258.467328
2026-09-10T09:06:23.365951-07:00,2,1114,60.0,12.92793,52.66,680.7808,27.1016,0.890231111,11.505379556,53.413867,690.322773,695.45261,9269.972707556
2026-09-10T09:07:23.371661-07:00,2,1115,60.0,12.929102,51.216,662.1696,27.1406,0.868212222,11.221560889,52.092733,673.293653,696.320822222,9281.194268444
2026-09-10T09:08:23.373898-07:00,2,1116,60.0,12.929688,51.768,669.3248,27.1406,0.858446667,11.095950222,51.5068,665.757013,697.179268889,9292.290218667
2026-09-10T09:09:23.378133-07:00,2,1117,60.0,12.931445,53.796,695.6672,27.1953,0.872008889,11.272192,52.320533,676.33152,698.051277778,9303.562410667
2026-09-10T09:10:23.381945-07:00,2,1118,60.0,12.932422,53.26,688.7936,27.25,0.885572222,11.449002667,53.134333,686.94016,698.93685,9315.011413333
2026-09-10T09:11:23.385748-07:00,2,1119,60.0,12.933594,53.096,686.6944,27.3047,0.896741111,11.594524444,53.804467,695.671467,699.833591111,9326.605937778
2026-09-10T09:12:23.390159-07:00,2,1120,60.0,12.93418,52.636,680.7808,27.3281,0.878841111,11.364067556,52.730467,681.844053,700.712432222,9337.970005333
2026-09-10T09:13:23.393593-07:00,2,1121,60.0,12.932031,42.844,554.0352,27.3438,0.807428889,10.440192,48.445733,626.41152,701.519861111,9348.410197333
2026-09-10T09:14:23.381063-07:00,2,1122,60.0,12.933984,48.668,629.4912,27.3672,0.815967778,10.550158222,48.958067,633.009493,702.335828889,9358.960355556
2026-09-10T09:15:23.384520-07:00,2,1123,60.0,12.933398,43.452,561.9968,27.3906,0.783865556,10.135210667,47.031933,608.11264,703.119694444,9369.095566222
2026-09-10T09:16:23.387864-07:00,2,1124,60.0,12.931836,38.612,499.3152,27.4375,0.69021,8.922908444,41.4126,535.374507,703.809904444,9378.018474667
2026-09-10T09:17:23.403438-07:00,2,1125,60.0,12.930078,36.36,470.1184,27.4766,0.619571111,8.008248889,37.174267,480.494933,704.429475556,9386.026723556
2026-09-10T09:18:23.430784-07:00,2,1126,60.0,12.929492,38.424,496.8192,27.5547,0.607311111,7.849016889,36.438667,470.941013,705.036786667,9393.875740444
2026-09-10T09:19:23.474131-07:00,2,1127,60.0,12.930859,42.044,543.68,27.5781,0.659776667,8.527701333,39.5866,511.66208,705.696563333,9402.403441778
2026-09-10T09:20:23.503508-07:00,2,1128,60.0,12.933398,47.816,618.432,27.6094,0.756387778,9.779029333,45.383267,586.74176,706.452951111,9412.182471111
2026-09-10T09:21:23.405805-07:00,2,1129,60.0,12.936133,51.996,672.6144,27.6563,0.836007778,10.810368,50.160467,648.62208,707.288958889,9422.992839111
2026-09-10T09:22:23.409486-07:00,2,1130,60.0,12.939063,57.024,737.8176,27.6875,0.910597778,11.776967111,54.635867,706.618027,708.199556667,9434.769806222
2026-09-10T09:23:23.412925-07:00,2,1131,60.0,12.941992,59.076,764.544,27.7344,0.975407778,12.619548444,58.524467,757.172907,709.174964444,9447.389354667
2026-09-10T09:24:23.417157-07:00,2,1132,60.0,12.94375,58.996,763.5968,27.7109,0.989854444,12.808192,59.391267,768.49152,710.164818889,9460.197546667
2026-09-10T09:25:23.420442-07:00,2,1133,60.0,12.945313,59.648,772.3904,27.75,0.993947778,12.862748444,59.636867,771.764907,711.158766667,9473.060295111
2026-09-10T09:26:23.425872-07:00,2,1134,60.0,12.946875,61.344,794.2016,27.7969,1.001478889,12.962247111,60.088733,777.734827,712.160245556,9486.022542222
2026-09-10T09:27:23.427832-07:00,2,1135,60.0,12.948828,61.128,791.5008,27.7813,1.025362222,13.273201778,61.521733,796.392107,713.185607778,9499.295744
2026-09-10T09:28:23.433137-07:00,2,1136,60.0,12.950195,60.372,781.824,27.8906,1.028753333,13.318712889,61.7252,799.122773,714.214361111,9512.614456889
2026-09-10T09:29:23.439997-07:00,2,1137,60.0,12.950391,57.908,750.208,27.9609,0.9947,12.878506667,59.682,772.7104,715.209061111,9525.492963556
2026-09-10T09:30:23.438360-07:00,2,1138,60.0,12.950195,55.872,723.5584,27.8906,0.948797778,12.284188444,56.927867,737.051307,716.157858889,9537.777152
2026-09-10T09:31:23.444676-07:00,2,1139,60.0,12.948828,50.524,654.2208,27.875,0.87837,11.371576889,52.7022,682.294613,717.036228889,9549.148728889
2026-09-10T09:32:23.449127-07:00,2,1140,60.0,12.946484,42.924,555.6864,27.9531,0.77129,9.983317333,46.2774,598.99904,717.807518889,9559.132046222
2026-09-10T09:33:23.449201-07:00,2,1141,60.0,12.944531,40.184,520.1408,28.0234,0.689924444,8.928028444,41.395467,535.681707,718.497443333,9568.060074667
2026-09-10T09:34:23.452880-07:00,2,1142,60.0,12.94375,40.888,529.2288,28.0313,0.685757778,8.873358222,41.145467,532.401493,719.183201111,9576.933432889
2026-09-10T09:35:23.459356-07:00,2,1143,60.0,12.94375,41.52,537.3952,28.0234,0.696585556,9.013304889,41.795133,540.798293,719.879786667,9585.946737778
2026-09-10T09:36:23.462073-07:00,2,1144,60.0,12.944141,43.528,563.4048,27.9922,0.706271111,9.138744889,42.376267,548.324693,720.586057778,9595.085482667
2026-09-10T09:37:23.463725-07:00,2,1145,60.0,12.945117,46.848,606.6304,27.9766,0.748836667,9.690225778,44.9302,581.413547,721.334894444,9604.775708444
2026-09-10T09:38:23.468560-07:00,2,1146,60.0,12.94668,49.468,640.4224,27.9688,0.803142222,10.394510222,48.188533,623.670613,722.138036667,9615.170218667
2026-09-10T09:39:23.469894-07:00,2,1147,60.0,12.94707,47.484,614.7712,27.9297,0.792083333,10.252458667,47.525,615.14752,722.93012,9625.422677333
2026-09-10T09:40:23.474201-07:00,2,1148,60.0,12.947461,48.56,628.736,27.875,0.782166667,10.124288,46.93,607.45728,723.712286667,9635.546965333
2026-09-10T09:41:23.477167-07:00,2,1149,60.0,12.950195,54.9,710.9504,27.8594,0.855807778,11.078485333,51.348467,664.70912,724.568094444,9646.625450667
2026-09-10T09:42:23.483443-07:00,2,1150,60.0,12.951172,51.024,660.8256,27.8359,0.888085556,11.498382222,53.285133,689.902933,725.45618,9658.123832889
2026-09-10T09:43:23.487640-07:00,2,1151,60.0,12.950977,50.008,647.6416,27.9141,0.838475556,10.855822222,50.308533,651.349333,726.294655556,9668.979655111
2026-09-10T09:44:23.490143-07:00,2,1152,60.0,12.951563,51.336,665.088,27.9063,0.83714,10.838755556,50.2284,650.325333,727.131795556,9679.818410667
2026-09-10T09:45:23.491367-07:00,2,1153,60.0,12.954102,57.472,744.4736,27.9375,0.901107778,11.668536889,54.066467,700.112213,728.032903333,9691.486947556
2026-09-10T09:46:23.494242-07:00,2,1154,60.0,12.954102,51.216,663.4368,27.9531,0.909703333,11.780892444,54.5822,706.853547,728.942606667,9703.26784
2026-09-10T09:47:23.501320-07:00,2,1155,60.0,12.95293,49.184,637.056,27.9609,0.80509,10.425344,48.3054,625.52064,729.747696667,9713.693184
2026-09-10T09:48:23.501621-07:00,2,1156,60.0,12.95293,48.628,629.8496,27.9766,0.81165,10.510165333,48.699,630.60992,730.559346667,9724.203349333
2026-09-10T09:49:23.504846-07:00,2,1157,60.0,12.953711,49.756,644.4928,28.0,0.826473333,10.702449778,49.5884,642.146987,731.38582,9734.905799111
2026-09-10T09:50:23.508811-07:00,2,1158,60.0,12.955273,54.316,703.6544,28.0391,0.850363333,11.012608,51.0218,660.75648,732.236183333,9745.918407111
2026-09-10T09:51:23.512504-07:00,2,1159,60.0,12.959375,64.356,834.0352,28.0938,0.986535556,12.780202667,59.192133,766.81216,733.222718889,9758.698609778
2026-09-10T09:52:23.540050-07:00,2,1160,60.0,12.965234,74.644,967.9872,28.1406,1.163346667,15.076465778,69.8008,904.587947,734.386065556,9773.775075556
2026-09-10T09:53:23.546701-07:00,2,1161,60.0,12.971484,84.228,1092.5696,28.1016,1.334402222,17.302186667,80.064133,1038.1312,735.720467778,9791.077262222
2026-09-10T09:54:23.551410-07:00,2,1162,60.0,12.975586,84.392,1095.36,28.1484,1.404176667,18.214172444,84.2506,1092.850347,737.124644444,9809.291434667
2026-09-10T09:55:23.554425-07:00,2,1163,60.0,12.979102,87.616,1137.152,28.1797,1.432028889,18.580707556,85.921733,1114.842453,738.556673333,9827.872142222
2026-09-10T09:56:23.558686-07:00,2,1164,60.0,12.982031,88.34,1146.816,28.2031,1.460771111,18.959473778,87.646267,1137.568427,740.017444444,9846.831616
2026-09-10T09:57:23.590057-07:00,2,1165,60.0,12.98418,86.82,1127.2832,28.1719,1.449641111,18.817592889,86.978467,1129.055573,741.467085556,9865.649208889
2026-09-10T09:58:23.621563-07:00,2,1166,60.0,12.985742,87.22,1132.5952,28.2422,1.443075556,18.734933333,86.584533,1124.096,742.910161111,9884.384142222
2026-09-10T09:59:23.571860-07:00,2,1167,60.0,12.988672,90.312,1173.0304,28.2813,1.479123333,19.207395556,88.7474,1152.443733,744.389284444,9903.591537778
2026-09-10T10:00:23.576315-07:00,2,1168,60.0,12.991016,89.928,1168.4736,28.2969,1.520063333,19.742378667,91.2038,1184.54272,745.909347778,9923.333916444
2026-09-10T10:01:23.580516-07:00,2,1169,60.0,12.992969,89.82,1167.0144,28.2734,1.512924444,19.652664889,90.775467,1179.159893,747.422272222,9942.986581333
2026-09-10T10:02:23.585510-07:00,2,1170,60.0,12.994336,90.26,1172.8512,28.25,1.503457778,19.531889778,90.207467,1171.913387,748.92573,9962.518471111
2026-09-10T10:03:23.588442-07:00,2,1171,60.0,12.99668,93.064,1209.4848,28.2578,1.529326667,19.871914667,91.7596,1192.31488,750.455056667,9982.390385778
2026-09-10T10:04:23.594799-07:00,2,1172,60.0,12.998047,92.016,1196.0448,28.25,1.53893,19.99872,92.3358,1199.9232,751.993986667,10002.389105778
2026-09-10T10:05:23.601823-07:00,2,1173,60.0,12.998828,90.98,1182.6176,28.2422,1.51397,19.676899556,90.8382,1180.613973,753.507956667,10022.066005333
2026-09-10T10:06:23.601311-07:00,2,1174,60.0,12.998438,83.976,1091.5712,28.25,1.483364444,19.279246222,89.001867,1156.754773,754.991321111,10041.345251556
2026-09-10T10:26:12.063428-07:00,2,1176,890.014,12.969336,43.888,569.1904,28.6094,12.005203333,155.717176889,48.559609,629.857324,771.35305,10254.506609778
2026-09-10T10:27:12.059229-07:00,2,1177,60.0,12.965234,30.164,391.0784,28.6172,0.60928,7.898225778,36.5568,473.893547,771.96233,10262.404835556
2026-09-10T10:28:12.063832-07:00,2,1178,60.0,12.962305,29.248,379.1232,28.5938,0.489003333,6.336512,29.3402,380.19072,772.451333333,10268.741347556
2026-09-10T10:29:12.067407-07:00,2,1179,60.0,12.963281,37.388,484.6848,28.5781,0.555047778,7.191665778,33.302867,431.499947,773.006381111,10275.933013333
2026-09-10T10:30:12.043937-07:00,2,1180,60.0,12.966211,40.2,521.216,28.5547,0.726275556,9.413290667,43.576533,564.79744,773.732656667,10285.346304
2026-09-10T10:31:12.040751-07:00,2,1181,60.0,12.961523,25.896,335.936,28.5859,0.539392222,6.989710222,32.363533,419.382613,774.272048889,10292.336014222
2026-09-10T10:32:12.042611-07:00,2,1182,60.0,12.958594,25.872,335.232,28.625,0.423052222,5.479480889,25.383133,328.768853,774.695101111,10297.815495111
2026-09-10T10:33:12.046071-07:00,2,1183,60.0,12.959375,31.756,411.5456,28.5625,0.498887778,6.461724444,29.933267,387.703467,775.193988889,10304.277219556
2026-09-10T10:34:12.049438-07:00,2,1184,60.0,12.958398,28.976,375.5008,28.5313,0.506647778,6.562759111,30.398867,393.765547,775.700636667,10310.839978667
2026-09-10T10:35:12.052942-07:00,2,1185,60.0,12.956055,24.02,311.1808,28.5703,0.426963333,5.528974222,25.6178,331.738453,776.1276,10316.368952889
2026-09-10T10:36:12.055736-07:00,2,1186,60.0,12.954492,25.268,327.3088,28.6172,0.387761111,5.020216889,23.265667,301.213013,776.515361111,10321.389169778
2026-09-10T10:37:12.059067-07:00,2,1187,60.0,12.95625,34.932,452.5952,28.625,0.481861111,6.239288889,28.911667,374.357333,776.997222222,10327.628458667
2026-09-10T10:38:12.061896-07:00,2,1188,60.0,12.956445,27.312,353.8432,28.6641,0.551951111,7.148600889,33.117067,428.916053,777.549173333,10334.777059556
2026-09-10T10:39:12.065265-07:00,2,1189,60.0,12.952148,18.812,243.6608,28.6953,0.362503333,4.692821333,21.7502,281.56928,777.911676667,10339.469880889
2026-09-10T10:40:12.068881-07:00,2,1190,60.0,12.949219,16.608,215.0656,28.7031,0.285492222,3.694250667,17.129533,221.65504,778.197168889,10343.164131556
2026-09-10T10:41:12.072204-07:00,2,1191,60.0,12.947461,17.588,227.712,28.7031,0.276253333,3.573987556,16.5752,214.439253,778.473422222,10346.738119111
2026-09-10T10:42:12.074299-07:00,2,1192,60.0,12.948633,24.244,313.92,28.7266,0.342336667,4.429312,20.5402,265.75872,778.815758889,10351.167431111
2026-09-10T10:43:12.078022-07:00,2,1193,60.0,12.94668,16.608,215.0272,28.6953,0.343068889,4.439153778,20.584133,266.349227,779.158827778,10355.606584889
2026-09-10T10:44:12.081586-07:00,2,1194,60.0,12.945117,15.372,198.976,28.7188,0.263682222,3.410602667,15.820933,204.63616,779.42251,10359.017187556
2026-09-10T11:40:38.037558-07:00,2,1195,60.001,13.024805,103.288,1345.2672,29.1875,1.70188,22.162318222,102.111098,1329.716931,781.12439,10381.179505778
2026-09-10T11:41:38.042173-07:00,2,1196,60.0,13.026953,104.48,1361.0368,29.375,1.722453333,22.433052444,103.3472,1345.983147,782.846843333,10403.612558222
2026-09-10T11:42:38.046719-07:00,2,1197,60.0,13.028711,105.444,1373.824,29.4141,1.742461111,22.697301333,104.547667,1361.83808,784.589304444,10426.309859556
2026-09-10T11:43:38.051163-07:00,2,1198,60.0,13.030664,106.728,1390.7072,29.5078,1.765957778,23.007004444,105.957467,1380.420267,786.355262222,10449.316864
2026-09-10T11:44:38.055834-07:00,2,1199,60.0,13.033203,107.216,1397.6192,29.5156,1.795238889,23.392540444,107.714333,1403.552427,788.150501111,10472.709404444
2026-09-10T11:45:38.049437-07:00,2,1200,60.0,13.035547,110.432,1439.552,29.5,1.825058889,23.785301333,109.503533,1427.11808,789.97556,10496.494705778
2026-09-10T11:46:38.040797-07:00,2,1201,60.0,13.036914,109.744,1430.72,29.4844,1.827633333,23.821994667,109.658,1429.31968,791.803193333,10520.316700444
2026-09-10T11:47:38.044470-07:00,2,1202,60.0,13.037695,108.616,1416.0768,29.4766,1.808466667,23.574243556,108.508,1414.454613,793.61166,10543.890944
2026-09-10T11:48:38.048600-07:00,2,1203,60.0,13.038281,107.184,1397.4784,29.5156,1.785926667,23.281550222,107.1556,1396.893013,795.397586667,10567.172494222
2026-09-10T11:49:38.053888-07:00,2,1204,60.0,13.038477,105.884,1380.544,29.5313,1.759724444,22.940672,105.583467,1376.44032,797.157311111,10590.113166222
2026-09-10T11:50:38.056387-07:00,2,1205,60.0,13.038672,103.748,1352.7424,29.5703,1.73215,22.581475556,103.929,1354.888533,798.889461111,10612.694641778
2026-09-10T11:51:38.060606-07:00,2,1206,60.0,13.038281,101.928,1328.9472,29.6484,1.700002222,22.162147556,102.000133,1329.728853,800.589463333,10634.856789333
2026-09-10T11:52:38.064368-07:00,2,1207,60.0,13.0375,98.808,1288.192,29.7109,1.654355556,21.566179556,99.261333,1293.970773,802.243818889,10656.422968889
2026-09-10T11:53:38.069349-07:00,2,1208,60.0,13.036914,96.676,1260.3776,29.7422,1.617934444,21.091384889,97.076067,1265.483093,803.861753333,10677.514353778
2026-09-10T11:54:38.072449-07:00,2,1209,60.0,13.036719,93.916,1224.3584,29.6953,1.590935556,20.737536,95.456133,1244.25216,805.452688889,10698.251889778
2026-09-10T11:55:38.080626-07:00,2,1210,60.0,13.035742,90.236,1176.6144,29.6875,1.553283333,20.245674667,93.197,1214.74048,807.005972222,10718.497564444
2026-09-10T11:56:38.080359-07:00,2,1211,60.0,13.033594,82.92,1080.7296,29.6953,1.492004444,19.445248,89.520267,1166.71488,808.497976667,10737.942812444
2026-09-10T11:57:38.084719-07:00,2,1212,60.0,13.032617,87.416,1139.2512,29.7031,1.392831111,18.148579556,83.569867,1088.914773,809.890807778,10756.091392
2026-09-10T11:58:38.088493-07:00,2,1213,60.0,13.032617,85.984,1120.5632,29.7109,1.45405,18.947015111,87.243,1136.820907,811.344857778,10775.038407111
2026-09-10T11:59:38.092389-07:00,2,1214,60.0,13.031445,82.888,1080.128,29.75,1.415961111,18.449749333,84.957667,1106.98496,812.760818889,10793.488156444
2026-09-10T12:00:38.096204-07:00,2,1215,60.0,13.029492,78.692,1025.2928,29.7734,1.348413333,17.567630222,80.9048,1054.057813,814.109232222,10811.055786667
2026-09-10T12:01:38.100274-07:00,2,1216,60.0,13.028125,77.272,1006.72,29.7813,1.285041111,16.739214222,77.102467,1004.352853,815.394273333,10827.795000889
2026-09-10T12:02:38.104304-07:00,2,1217,60.0,13.02793,77.608,1011.328,29.7734,1.29345,16.847758222,77.607,1010.865493,816.687723333,10844.642759111
2026-09-10T12:03:38.108103-07:00,2,1218,60.0,13.02832,80.068,1043.1104,29.7813,1.325384444,17.264014222,79.523067,1035.840853,818.013107778,10861.906773333
2026-09-10T12:04:38.112181-07:00,2,1219,60.0,13.028516,80.0,1042.2912,29.7969,1.335526667,17.396622222,80.1316,1043.797333,819.348634444,10879.303395556
2026-09-10T12:05:38.116476-07:00,2,1220,60.0,13.027734,78.556,1023.3728,29.8672,1.295492222,16.874439111,77.729533,1012.466347,820.644126667,10896.177834667
2026-09-10T12:06:38.122098-07:00,2,1221,60.0,13.028711,81.7,1064.448,29.8672,1.345934444,17.532074667,80.756067,1051.92448,821.990061111,10913.709909333
2026-09-10T12:07:38.124365-07:00,2,1222,60.0,13.030273,83.38,1086.4256,29.8672,1.383572222,18.023992889,83.014333,1081.439573,823.373633333,10931.733902222
2026-09-10T12:08:38.128382-07:00,2,1223,60.0,13.030859,83.72,1090.9184,29.8672,1.402858889,18.276864,84.171533,1096.61184,824.776492222,10950.010766222
2026-09-10T12:09:38.132388-07:00,2,1224,60.0,13.027148,72.16,940.032,29.875,1.260681111,16.422513778,75.640867,985.350827,826.037173333,10966.43328
2026-09-10T12:10:38.136425-07:00,2,1225,60.0,13.030273,84.208,1097.2544,29.9063,1.342217778,17.484117333,80.533067,1049.04704,827.379391111,10983.917397333
2026-09-10T12:11:38.140307-07:00,2,1226,60.0,13.031055,82.884,1080.32,29.8828,1.405784444,18.315548444,84.347067,1098.932907,828.785175556,11002.232945778
2026-09-10T12:12:38.144415-07:00,2,1227,60.0,13.032031,83.804,1092.1344,29.8594,1.399917778,18.240113778,83.995067,1094.406827,830.185093333,11020.473059556
2026-09-11T08:26:02.711344-07:00,2,2218,60.0,12.875977,-0.592,7.6288,19.6797,-0.010032222,0.125610667,-0.601933,7.53664,845.341215556,11449.762417778
2026-09-11T08:27:02.714004-07:00,2,2219,60.0,12.875586,-0.576,7.3856,19.6641,-0.010008889,0.125326222,-0.600533,7.519573,845.331206667,11449.887744
2026-09-11T08:28:02.716961-07:00,2,2220,60.0,12.875977,-0.596,7.6672,19.9141,-0.010014444,0.12544,-0.600867,7.5264,845.321192222,11450.013184
2026-09-11T08:29:02.719400-07:00,2,2221,60.0,12.875781,-0.604,7.7824,20.0234,-0.009995556,0.125155556,-0.599733,7.509333,845.311196667,11450.138339556
2026-09-11T08:30:02.722279-07:00,2,2222,60.0,12.875781,-0.612,7.8592,20.0313,-0.009992222,0.125098667,-0.599533,7.50592,845.301204444,11450.263438222
2026-09-11T08:31:02.724829-07:00,2,2223,60.0,12.875977,-0.612,7.8976,20.0781,-0.010001111,0.125212444,-0.600067,7.512747,845.291203333,11450.388650667
2026-09-11T08:32:02.727472-07:00,2,2224,60.0,12.875781,-0.584,7.488,20.1328,-0.010022222,0.125496889,-0.601333,7.529813,845.281181111,11450.514147556
2026-09-11T08:33:02.730066-07:00,2,2225,60.0,12.876172,-0.596,7.6544,20.1719,-0.010041111,0.125724444,-0.602467,7.543467,845.27114,11450.639872
2026-09-11T08:34:02.732814-07:00,2,2226,60.0,12.875781,-0.748,9.6256,20.2734,-0.010042222,0.128113778,-0.602533,7.686827,845.261097778,11450.767985778
2026-09-11T08:35:02.735535-07:00,2,2227,60.0,12.875781,-0.664,8.5504,20.3203,-0.010188889,0.132892444,-0.611333,7.973547,845.250908889,11450.900878222
2026-09-11T08:36:02.738627-07:00,2,2228,60.0,12.875781,-0.7,9.0112,20.3516,-0.010468889,0.131242667,-0.628133,7.87456,845.24044,11451.032120889
2026-09-11T08:37:02.740977-07:00,2,2229,60.0,12.875586,-0.588,7.5392,20.3672,-0.010484444,0.131470222,-0.629067,7.888213,845.229955556,11451.163591111
2026-09-11T08:38:02.762433-07:00,2,2230,60.0,12.875586,-0.576,7.4112,20.375,-0.010405556,0.132266667,-0.624333,7.936,845.21955,11451.295857778
2026-09-11T08:39:02.790749-07:00,2,2231,60.0,12.875391,-0.6,7.7056,20.4063,-0.010504444,0.131697778,-0.630267,7.901867,845.209045556,11451.427555556
2026-09-11T08:40:02.749066-07:00,2,2232,60.0,12.875586,-0.576,7.4368,20.4609,-0.010482222,0.131470222,-0.628933,7.888213,845.198563333,11451.559025778
2026-09-11T08:41:02.753131-07:00,2,2233,60.0,12.875391,-0.664,8.5376,20.7656,-0.00966,0.135452444,-0.5796,8.127147,845.188903333,11451.694478222
2026-09-11T08:42:02.754531-07:00,2,2234,60.0,12.875977,0.5,12.7616,20.8047,-0.008293333,0.140060444,-0.4976,8.403627,845.18061,11451.834538667
2026-09-11T08:43:02.759865-07:00,2,2235,60.0,12.875586,-0.644,8.3072,20.6563,-0.009963333,0.133802667,-0.5978,8.02816,845.170646667,11451.968341333
2026-09-11T08:44:02.766661-07:00,2,2236,60.0,12.875586,-0.616,7.9488,20.5703,-0.010464444,0.131185778,-0.627867,7.871147,845.160182222,11452.099527111
2026-09-11T08:45:02.762417-07:00,2,2237,60.0,12.875586,-0.644,8.2816,20.5234,-0.010013333,0.134599111,-0.6008,8.075947,845.150168889,11452.234126222
2026-09-11T08:46:02.765387-07:00,2,2238,60.0,12.875977,-0.54,6.9376,20.5391,-0.007681111,0.144497778,-0.460867,8.669867,845.142487778,11452.378624
2026-09-11T08:47:02.768079-07:00,2,2239,60.0,12.875586,-0.604,7.7696,20.5859,-0.005253333,0.153088,-0.3152,9.18528,845.137234444,11452.531712
2026-09-11T08:48:02.772615-07:00,2,2240,60.0,12.875781,-0.556,7.2576,20.6406,-0.003128889,0.163043556,-0.187733,9.782613,845.134105556,11452.694755556
2026-09-11T08:49:02.773847-07:00,2,2241,60.0,12.875977,0.2,10.8544,20.6875,-0.002664444,0.165205333,-0.159867,9.91232,845.131441111,11452.859960889
2026-09-11T08:50:02.777362-07:00,2,2242,60.0,12.876172,-0.44,7.9232,20.7031,-0.001556667,0.173340444,-0.0934,10.400427,845.129884444,11453.033301333
2026-09-11T08:51:02.778713-07:00,2,2243,60.0,12.875977,-0.652,8.4096,20.7656,-0.000977778,0.180110222,-0.058667,10.806613,845.128906667,11453.213411556
2026-09-11T08:52:02.781377-07:00,2,2244,60.0,12.876563,1.864,31.5648,20.7656,0.003951111,0.213447111,0.237067,12.806827,845.132857778,11453.426858667
2026-09-11T08:53:02.785115-07:00,2,2245,60.0,12.876367,-0.588,7.5648,20.8047,0.009455556,0.268458667,0.567333,16.10752,845.142313333,11453.695317333
2026-09-11T08:54:02.792338-07:00,2,2246,60.0,12.876953,2.864,39.0272,20.8516,0.013525556,0.316928,0.811533,19.01568,845.155838889,11454.012245333
2026-09-11T08:55:02.789693-07:00,2,2247,60.0,12.877148,2.828,36.3904,20.8359,0.016814444,0.357262222,1.008867,21.435733,845.172653333,11454.369507556
2026-09-11T08:56:02.792390-07:00,2,2248,60.0,12.877148,2.128,27.6096,20.8672,0.020814444,0.407950222,1.248867,24.477013,845.193467778,11454.777457778
2026-09-11T08:57:02.794830-07:00,2,2249,60.0,12.877539,-0.592,7.6416,20.8906,0.020361111,0.403797333,1.221667,24.22784,845.213828889,11455.181255111
2026-09-11T08:58:02.788130-07:00,2,2250,60.0,12.877539,-0.584,7.5392,20.9219,0.020848889,0.409201778,1.250933,24.552107,845.234677778,11455.590456889
2026-09-11T08:59:02.790407-07:00,2,2251,60.0,12.87793,0.04,13.6576,20.9141,0.027228889,0.487936,1.633733,29.27616,845.261906667,11456.078392889
2026-09-11T09:00:02.793596-07:00,2,2252,60.0,12.87793,-0.6,7.7056,20.9453,0.031306667,0.534300444,1.8784,32.058027,845.293213333,11456.612693333
2026-09-11T09:01:02.795403-07:00,2,2253,60.0,12.87832,-0.588,7.5904,20.9219,0.03602,0.589880889,2.1612,35.392853,845.329233333,11457.202574222
2026-09-11T09:02:02.797712-07:00,2,2254,60.0,12.878906,7.036,90.5856,20.9141,0.037192222,0.604330667,2.231533,36.25984,845.366425556,11457.806904889
2026-09-11T09:03:02.800407-07:00,2,2255,60.0,12.879102,-0.616,7.936,20.9219,0.042734444,0.669411556,2.564067,40.164693,845.40916,11458.476316444
2026-09-11T09:04:02.802953-07:00,2,2256,60.0,12.879492,4.748,66.8288,20.9766,0.04474,0.69376,2.6844,41.6256,845.4539,11459.170076444
2026-09-11T09:05:02.805604-07:00,2,2257,60.0,12.879492,0.012,14.3616,21.0156,0.043934444,0.683406222,2.636067,41.004373,845.497834444,11459.853482667
2026-09-11T09:06:02.807922-07:00,2,2258,60.0,12.879883,4.112,53.1712,21.0391,0.040826667,0.645518222,2.4496,38.731093,845.538661111,11460.499000889
2026-09-11T09:07:02.810094-07:00,2,2259,60.0,12.879883,3.668,47.2448,21.0625,0.033637778,0.560526222,2.018267,33.631573,845.572298889,11461.059527111
2026-09-11T09:08:02.812868-07:00,2,2260,60.0,12.879883,7.34,94.5024,21.1094,0.031044444,0.532423111,1.862667,31.945387,845.603343333,11461.591950222
2026-09-11T09:09:02.815633-07:00,2,2261,60.0,12.879688,-0.584,7.5264,21.1406,0.024838889,0.457841778,1.490333,27.470507,845.628182222,11462.049792
2026-09-11T09:10:02.818118-07:00,2,2262,60.0,12.879688,-0.612,7.872,21.1172,0.022798889,0.431729778,1.367933,25.903787,845.650981111,11462.481521778
2026-09-11T09:11:02.820583-07:00,2,2263,60.0,12.879492,-0.616,7.9232,21.1563,0.02061,0.406186667,1.2366,24.3712,845.671591111,11462.887708444
2026-09-11T09:12:02.822431-07:00,2,2264,60.0,12.880078,1.776,22.8864,21.1016,0.023571111,0.440832,1.414267,26.44992,845.695162222,11463.328540444
2026-09-11T09:13:02.825557-07:00,2,2265,60.0,12.880078,1.9,30.3616,21.1094,0.025836667,0.466887111,1.5502,28.013227,845.720998889,11463.795427556
2026-09-11T09:14:02.844548-07:00,2,2266,60.0,12.879883,-0.588,7.5904,21.2266,0.026832222,0.482872889,1.609933,28.972373,845.747831111,11464.278300444
2026-09-11T09:15:02.856939-07:00,2,2267,60.0,12.880078,-0.172,11.5456,21.1953,0.024833333,0.456817778,1.49,27.409067,845.772664444,11464.735118222
2026-09-11T09:16:02.896358-07:00,2,2268,60.0,12.879883,-0.424,9.2288,21.0469,0.023648889,0.444302222,1.418933,26.658133,845.796313333,11465.179420444
2026-09-11T09:17:02.836009-07:00,2,2269,60.0,12.880078,2.732,35.1872,20.9922,0.024645556,0.457272889,1.478733,27.436373,845.820958889,11465.636693333
2026-09-11T09:18:02.839602-07:00,2,2270,60.0,12.880469,2.556,39.5136,21.0547,0.025473333,0.467911111,1.5284,28.074667,845.846432222,11466.104604444
2026-09-11T09:19:02.841905-07:00,2,2271,60.0,12.880273,-0.58,7.4496,21.1406,0.029483333,0.510464,1.769,30.62784,845.875915556,11466.615068444
2026-09-11T09:20:02.848317-07:00,2,2272,60.0,12.880273,-0.6,7.7056,21.2891,0.037188889,0.602737778,2.231333,36.164267,845.913104444,11467.217806222
2026-09-11T09:21:02.846311-07:00,2,2273,60.0,12.880859,-0.596,7.6544,21.3359,0.053332222,0.792519111,3.199933,47.551147,845.966436667,11468.010325333
2026-09-11T09:22:02.848498-07:00,2,2274,60.0,12.882422,7.044,90.752,21.3281,0.070695556,0.992312889,4.241733,59.538773,846.037132222,11469.002638222
2026-09-11T09:23:02.851963-07:00,2,2275,60.0,12.883008,8.92,116.8256,21.2578,0.078407778,1.090730667,4.704467,65.44384,846.11554,11470.093368889
2026-09-11T09:24:02.853614-07:00,2,2276,60.0,12.884375,8.972,115.776,21.2891,0.096053333,1.307989333,5.7632,78.47936,846.211593333,11471.401358222
2026-09-11T09:25:02.856159-07:00,2,2277,60.0,12.88457,12.884,165.9904,21.3047,0.098278889,1.346958222,5.896733,80.817493,846.309872222,11472.748316444
2026-09-11T09:26:02.858737-07:00,2,2278,60.0,12.884375,-0.62,7.9872,21.2813,0.091072222,1.253717333,5.464333,75.22304,846.400944444,11474.002033778
2026-09-11T09:27:02.864696-07:00,2,2279,60.0,12.884766,-0.62,8.0,21.2891,0.088841111,1.221461333,5.330467,73.28768,846.489785556,11475.223495111
2026-09-11T09:28:02.863790-07:00,2,2280,60.0,12.884766,0.376,16.8064,21.2969,0.081155556,1.127537778,4.869333,67.652267,846.570941111,11476.351032889
2026-09-11T09:29:02.866330-07:00,2,2281,60.0,12.885156,-0.588,7.5904,21.3438,0.080921111,1.114851556,4.855267,66.891093,846.651862222,11477.465884444
2026-09-11T09:30:02.868804-07:00,2,2282,60.0,12.885352,6.392,82.3552,21.3359,0.058521111,0.861639111,3.511267,51.698347,846.710383333,11478.327523556
2026-09-11T09:31:02.871383-07:00,2,2283,60.0,12.88457,-0.604,7.7824,21.3828,0.054932222,0.809415111,3.295933,48.564907,846.765315556,11479.136938667
2026-09-11T09:32:02.874000-07:00,2,2284,60.0,12.884375,-0.004,12.4672,21.4531,0.047664444,0.725219556,2.859867,43.513173,846.81298,11479.862158222
2026-09-11T09:33:02.877289-07:00,2,2285,60.0,12.88457,-0.588,7.5648,21.5078,0.050466667,0.75776,3.028,45.4656,846.863446667,11480.619918222
2026-09-11T09:34:02.878890-07:00,2,2286,60.0,12.885352,8.408,110.08,21.5703,0.062637778,0.898787556,3.758267,53.927253,846.926084444,11481.518705778
2026-09-11T09:35:02.893202-07:00,2,2287,60.0,12.885547,7.412,97.7152,21.6016,0.076324444,1.064789333,4.579467,63.88736,847.002408889,11482.583495111
2026-09-11T09:36:02.912684-07:00,2,2288,60.0,12.886914,13.66,176.0384,21.5703,0.088447778,1.222030222,5.306867,73.321813,847.090856667,11483.805525333
2026-09-11T09:37:02.916941-07:00,2,2289,60.0,12.886719,-0.62,7.9744,21.5469,0.100993333,1.387235556,6.0596,83.234133,847.19185,11485.192760889
2026-09-11T09:38:02.920167-07:00,2,2290,60.0,12.889063,12.768,164.7744,21.5859,0.119228889,1.620024889,7.153733,97.201493,847.311078889,11486.812785778
2026-09-11T09:39:02.924223-07:00,2,2291,60.0,12.891992,13.384,172.5312,21.6328,0.215507778,2.780216889,12.930467,166.813013,847.526586667,11489.593002667
2026-09-11T09:40:02.932396-07:00,2,2292,60.0,12.892383,10.4,134.0672,21.7188,0.193722222,2.516878222,11.623333,151.012693,847.720308889,11492.109880889
2026-09-11T09:41:02.929667-07:00,2,2293,60.0,12.89082,6.016,77.5296,21.7109,0.102625556,1.409820444,6.157533,84.589227,847.822934444,11493.519701333
2026-09-11T09:42:02.933252-07:00,2,2294,60.0,12.890625,7.824,100.8512,21.7188,0.091061111,1.256106667,5.463667,75.3664,847.913995556,11494.775808
2026-09-11T09:43:02.936471-07:00,2,2295,60.0,12.890039,3.744,55.936,21.7344,0.082362222,1.153706667,4.941733,69.2224,847.996357778,11495.929514667
2026-09-11T09:44:02.939201-07:00,2,2296,60.0,12.889844,7.252,94.8096,21.7734,0.090553333,1.248711111,5.4332,74.922667,848.086911111,11497.178225778
2026-09-11T09:45:02.942717-07:00,2,2297,60.0,12.890625,9.724,125.3248,21.8047,0.096736667,1.333532444,5.8042,80.011947,848.183647778,11498.511758222
2026-09-11T09:46:02.946060-07:00,2,2298,60.0,12.89043,-0.604,7.7824,21.8047,0.106052222,1.450552889,6.363133,87.033173,848.2897,11499.962311111
2026-09-11T09:47:02.949471-07:00,2,2299,60.0,12.891211,1.752,31.8848,21.7734,0.111417778,1.510343111,6.685067,90.620587,848.401117778,11501.472654222
2026-09-11T09:48:38.988018-07:00,2,2300,60.003,12.891016,-0.596,7.6672,21.8125,0.105815556,1.445148444,6.348616,86.704571,848.506933333,11502.917802667
2026-09-11T09:49:39.005441-07:00,2,2301,60.0,12.892383,15.872,204.6208,21.8516,0.111876667,1.518990222,6.7126,91.139413,848.61881,11504.436792889
2026-09-11T09:50:38.989073-07:00,2,2302,60.0,12.892188,6.532,87.6032,21.8516,0.112968889,1.537536,6.778133,92.25216,848.731778889,11505.974328889
2026-09-16T09:35:23.925877-07:00,2,2355,60.003,13.219727,72.332,956.2112,20.8516,1.031756667,13.623523556,61.902305,817.370545,995.254261111,13435.355420444
2026-09-16T09:36:23.937021-07:00,2,2356,60.0,13.241406,85.48,1131.8528,20.875,1.280981111,16.943559111,76.858867,1016.613547,996.535242222,13452.298979556
2026-09-16T09:37:23.935387-07:00,2,2357,60.0,13.230078,39.384,521.0368,20.9063,1.052444444,13.931576889,63.146667,835.894613,997.587686667,13466.230556444
2026-09-16T09:38:23.938078-07:00,2,2358,60.0,13.24668,70.816,938.0736,20.9141,1.088152222,14.402673778,65.289133,864.160427,998.675838889,13480.633230222
2026-09-16T09:41:02.680197-07:00,2,2360,60.003,13.23457,55.932,740.2368,20.9297,0.76,10.053575111,45.59772,603.184347,999.981868889,13497.914709333
2026-09-16T09:42:02.675645-07:00,2,2361,60.0,13.235938,41.54,549.8112,20.9453,0.957665556,12.679736889,57.459933,760.784213,1000.939534444,13510.594446222
2026-09-16T09:43:02.678815-07:00,2,2362,60.0,13.231055,40.12,530.8032,21.0547,0.675027778,8.930474667,40.501667,535.82848,1001.614562222,13519.524920889
2026-09-16T09:44:02.684535-07:00,2,2363,60.0,13.235156,38.376,507.8912,21.1094,0.868746667,11.497358222,52.1248,689.841493,1002.483308889,13531.022279111
